1,Aquisição da Atualização do software Gnuteca,Não há,IFMT,Cuiabá,Mato Grosso,Pequeno,Ensino,1 - Criação dos artefatos / 2 - Coleta dos orçamentos / 3 - encaminhamento a licitação / 4 - realização do contrato / 5 - designação do fiscais / 6 - execução do contrato,Atualizar e customizar o sistema de biblioteca,Não há,05/2018,4/2020,Atualização e customização do Software de bibloteca,Não há atividade documentadas,Bibliotecário / Analista de TI / Pró-Reitor de Ensino / Setor de Compras / Setor de contrato,"R$ 11.536,00",Não há cronograma estipulado,Não haver dinheiro para contratação da solução / não haver fornecedor para a contratação ,"alunos, bibliotecários",Está sendo anotado atualmente as demandas que apresentaram após a contratação para futuras demandas,E-mail e Telefone para contato com o fornecedor e bibliotecários,Não há,Contrato de Manutenção mensal iniciado em abril/2019,"O grande problema desde projeto é a demora na execução e acúmulo da demanda.  Além disto, o levantamento de requisitos é feito durante o suporte e não há um planejamento de execução. Com isto deveria haver uma melhor comunicação entre a parte de aquisição e a parte demandante para que o contrato seja melhor planejado e que atenda todas as necessidades da parte requerente."
2,Construção de banheiros no Anexo II do IFMT Reitoria,Não há,IFMT,Cuiabá,Mato Grosso,Pequeno,Infraestrutura,1 - Criação dos projetos / 2 - Coleta dos orçamentos / 3 - encaminhamento a licitação / 4 - realização do contrato / 5 - designação do fiscais / 6 - execução do contrato,Construção de banheiros para os servidores que trabalham no Anexo II da Reitoria,Não há,06/2019,11/2019,Banheiros,Não há atividade documentadas,Departamento de Engenharia da Reitoria,"R$ 234.483,54",Não há informação,"Não há informação, visto que os processos não encontram-se disponíveis",Servidores da Instituição,Não há informação,Não há informação,Não há,Não há informação devido o processo estar na Procuradoria Federal,"Ao invés da administração construir um local próprio para que as intervenções no local sejam próprias e de acordo com a demanda, a construção é feita em local alugado, e que será perdido caso haja mudança de endereço. O ideal o planejamento do local definitivo e a construção do local definitivo atendendo todas as demandas para não haver desperdício de dinheiro público"
3,Urbanização do campus Campo novo do Parecis,Não há,IFMT,Campo Novo do Parecis,Mato Grosso,Médio,Infraestrutura,1 - Criação dos projetos / 2 - Coleta dos orçamentos / 3 - encaminhamento a licitação / 4 - realização do contrato / 5 - designação do fiscais / 6 - execução do contrato,Melhoria da Urbanização do Campus,Não há,10/2018,04/2019,Urbanização do Campus,Não há atividade documentadas,Direção Geral do Campus de Campo Novo do Parecis,"R$ 1.188.423,83",Não há informação,"Não há informação, visto que os processos não encontram-se disponíveis",Alunos e Servidores,Não há informação,Não há informação,Não há,O processo se encontra no campus,"A urbanização poderia ter sido feita quando o campus foi reformado, melhorando a acessibilidade dos alunos portadores de deficiência, o que demonstra a falta de planjemento da equipe gestora.  Outro ponto a ser considerado é que o campus necessita de melhoria e amplicação dos blocos de salas de aula, e este dinheiro poderia ser empregado de uma melhor forma."
4,Reforma bloco de salas de aula campus Juína,Não há,IFMT,Juína,Mato Grosso,Pequeno,Infraestrutura,1 - Criação dos projetos / 2 - Coleta dos orçamentos / 3 - encaminhamento a licitação / 4 - realização do contrato / 5 - designação do fiscais / 6 - execução do contrato,Melhora na estrutura do bloco das salas de aula,Não há,01/2019,04/2019,Salas reformadas,Não há atividade documentadas,Direção Geral do Campus Juína,"R$ 239.372,56",Não há informação,"Não há informação, visto que os processos não encontram-se disponíveis",Alunos,Não há informação,Não há informação,Não há,O processo se encontra no campus,A obra do campus (reforma da escola antiga) foi mal feita e não houve fiscalização adequada.   Deveria ter tido um melhor planejamento e fiscalização da obra de reforma para que a estrutura fosse construída e/ou reformada de forma adequada  e que não impedisse o uso da sala.
5,Centro de Referência,CR,IFTM,Uberaba,Minas Gerais,Médio ,Institucional,Não há ciclo de vida definido e formalizado,Informação inexistente,Não há WBS/EAP proposto para este projeto,20/abr/2017,30/out/2017,Informação indisponível ou não documentada,,GABINETE,Informação não existente para este projeto,,Não há gerenciamento de riscos para este projeto,,As mudanças são planejadas somente após sua solicitação. Em alguns casos retoma-se o ciclo de vida do projeto desde o início,"E-mails institucionais, documentos oficiais, Google Talk, reuniões presenciais e videoconferências",Planilhas eletrônicas e reuniões,Cada membro da comissão ficou de encaminhar as demandas relativas à infraestrutura de cada área (física e recursos humanos). Prazo até 29/09,
6,Identidade visual - PIN,PIN,IFTM,Uberaba,Minas Gerais,Médio ,Comunicação,Não há ciclo de vida definido e formalizado,Informação inexistente,Não há WBS/EAP proposto para este projeto,01/jun/2017,31/dez/2018,Informação indisponível ou não documentada,,GABINETE,Informação não existente para este projeto,,Não há gerenciamento de riscos para este projeto,,As mudanças são planejadas somente após sua solicitação. Em alguns casos retoma-se o ciclo de vida do projeto desde o início,"E-mails institucionais, documentos oficiais, Google Talk, reuniões presenciais e videoconferências",Planilhas eletrônicas e reuniões,Elaboração do termo de referência,
7,Midia in door,MEDIA,IFTM,Uberaba,Minas Gerais,Grande,Comunicação,Não há ciclo de vida definido e formalizado,Setor de Comunicação,Não há WBS/EAP proposto para este projeto,01/mar/2017,31/ago/2018,Informação indisponível ou não documentada,,GABINETE,Informação não existente para este projeto,,Não há gerenciamento de riscos para este projeto,,As mudanças são planejadas somente após sua solicitação. Em alguns casos retoma-se o ciclo de vida do projeto desde o início,"E-mails institucionais, documentos oficiais, Google Talk, reuniões presenciais e videoconferências",Planilhas eletrônicas e reuniões,Mídia Indoor em produção desde do dia 04/02. Realizar termo de encerramento.,
8,Política de Comunicação,Não há,IFTM,Uberaba,Minas Gerais,Médio ,Comunicação,Não há ciclo de vida definido e formalizado,Setor de Comunicação,Não há WBS/EAP proposto para este projeto,01/set/2017,31/dez/2018,Informação indisponível ou não documentada,,GABINETE,Informação não existente para este projeto,,Não há gerenciamento de riscos para este projeto,,As mudanças são planejadas somente após sua solicitação. Em alguns casos retoma-se o ciclo de vida do projeto desde o início,"E-mails institucionais, documentos oficiais, Google Talk, reuniões presenciais e videoconferências",Planilhas eletrônicas e reuniões,Socialização do Hotsite da Política de comunicação para a comunidade acadêmica do IFTM,
9,Rádio IFTM,RADIO,IFTM,Uberaba,Minas Gerais,Médio ,Comunicação,Não há ciclo de vida definido e formalizado,Setor de Comunicação,Não há WBS/EAP proposto para este projeto,16/jul/2014,31/dez/2018,Informação indisponível ou não documentada,,GABINETE,Informação não existente para este projeto,,Não há gerenciamento de riscos para este projeto,,As mudanças são planejadas somente após sua solicitação. Em alguns casos retoma-se o ciclo de vida do projeto desde o início,"E-mails institucionais, documentos oficiais, Google Talk, reuniões presenciais e videoconferências",Planilhas eletrônicas e reuniões,Em elaboração termo de referência para aquisição dos equipamentos,
10,Reutilização das áreas agrícolas,Não há,IFTM,Uberaba,Minas Gerais,Médio ,Infraestrutura,Não há ciclo de vida definido e formalizado,Informação inexistente,Não há WBS/EAP proposto para este projeto,05/mai/2017,31/dez/2017,Informação indisponível ou não documentada,,GABINETE,Informação não existente para este projeto,,Não há gerenciamento de riscos para este projeto,,As mudanças são planejadas somente após sua solicitação. Em alguns casos retoma-se o ciclo de vida do projeto desde o início,"E-mails institucionais, documentos oficiais, Google Talk, reuniões presenciais e videoconferências",Planilhas eletrônicas e reuniões,Definido no Colégio do dia 04/05 que cada campus deverá realizar levantamento,
11,Tempo de convivência - Reitoria,Não há,IFTM,Uberaba,Minas Gerais,Médio ,Institucional,Não há ciclo de vida definido e formalizado,Gabinete,Não há WBS/EAP proposto para este projeto,01/jun/2017,31/mar/2018,Informação indisponível ou não documentada,,GABINETE,Informação não existente para este projeto,,Não há gerenciamento de riscos para este projeto,,As mudanças são planejadas somente após sua solicitação. Em alguns casos retoma-se o ciclo de vida do projeto desde o início,"E-mails institucionais, documentos oficiais, Google Talk, reuniões presenciais e videoconferências",Planilhas eletrônicas e reuniões,aguardando reunião com o Reitor para formatação do projeto,
12,Almoxarifado Mínimo,Não há,IFTM,Uberaba,Minas Gerais,Médio ,Institucional,Não há ciclo de vida definido e formalizado,Setor de Almoxarifado,Não há WBS/EAP proposto para este projeto,,01/01/2019,Informação indisponível ou não documentada,,PROAD,Informação não existente para este projeto,,Não há gerenciamento de riscos para este projeto,,As mudanças são planejadas somente após sua solicitação. Em alguns casos retoma-se o ciclo de vida do projeto desde o início,"E-mails institucionais, documentos oficiais, Google Talk, reuniões presenciais e videoconferências",Planilhas eletrônicas e reuniões,"Em virtude da decisão de implementação do SIADS, considerando que ao migrar os dados atuais para o novo sistema novas placas de patrimônio, com a numeração de novos itens (padrões) deverão ser feitas, o projeto foi suspenso até a completa implementação do SIADS; o processo foi encaminhado para arquivo (23199.000896/2018-90).",
13,Energia Solar,Não há,IFTM,Uberaba,Minas Gerais,Grande,Infraestrutura,Não há ciclo de vida definido e formalizado,Gabinete e Setor de Engenharia,Não há WBS/EAP proposto para este projeto,09/mar/2016,31/dez/2018,Informação indisponível ou não documentada,,PROAD,Informação não existente para este projeto,,Não há gerenciamento de riscos para este projeto,,As mudanças são planejadas somente após sua solicitação. Em alguns casos retoma-se o ciclo de vida do projeto desde o início,"E-mails institucionais, documentos oficiais, Google Talk, reuniões presenciais e videoconferências",Planilhas eletrônicas e reuniões,"Comprovantes de pagamento encaminhados à CEMIG, aguardando agendamento para posterior ligação dos painéis.",
14,Energias Renováveis,Não há,IFTM,Uberaba,Minas Gerais,Grande,Infraestrutura,Não há ciclo de vida definido e formalizado,Gabinete e Setor de Engenharia,Não há WBS/EAP proposto para este projeto,,,Informação indisponível ou não documentada,,PROAD,Informação não existente para este projeto,,Não há gerenciamento de riscos para este projeto,,As mudanças são planejadas somente após sua solicitação. Em alguns casos retoma-se o ciclo de vida do projeto desde o início,"E-mails institucionais, documentos oficiais, Google Talk, reuniões presenciais e videoconferências",Planilhas eletrônicas e reuniões,,
15,Filmagens aéreas por campus (Drone),Não há,IFTM,Uberaba,Minas Gerais,Grande,Infraestrutura,Não há ciclo de vida definido e formalizado,Informação inexistente,Não há WBS/EAP proposto para este projeto,01/jan/2017,31/dez/2018,Informação indisponível ou não documentada,,PROAD,Informação não existente para este projeto,,Não há gerenciamento de riscos para este projeto,,As mudanças são planejadas somente após sua solicitação. Em alguns casos retoma-se o ciclo de vida do projeto desde o início,"E-mails institucionais, documentos oficiais, Google Talk, reuniões presenciais e videoconferências",Planilhas eletrônicas e reuniões,"Empresa impedida de licitar e contratar com a união até 2020. Estuda-se retornar à fase de licitações para chamar a segunda colocada, ou realizar nova licitação.",
16,IFTM 2040,Não há,IFTM,Uberaba,Minas Gerais,Grande,Institucional,Não há ciclo de vida definido e formalizado,Informação inexistente,Não há WBS/EAP proposto para este projeto,04/jul/2017,31/dez/2018,Informação indisponível ou não documentada,,PROAD,Informação não existente para este projeto,,Não há gerenciamento de riscos para este projeto,,As mudanças são planejadas somente após sua solicitação. Em alguns casos retoma-se o ciclo de vida do projeto desde o início,"E-mails institucionais, documentos oficiais, Google Talk, reuniões presenciais e videoconferências",Planilhas eletrônicas e reuniões,"Patrocínio - a agenda para reunião de apresentação, Patos - finalizando reunião de pares, Campina Verde - aguardando reunião de quartetos. Assim, as reuniões estão sendo agendadas junto aos campi.",
17,RFID - Identificação por Rádio Frequência,RFID,IFTM,Uberaba,Minas Gerais,Pequeno,TIC,Não há ciclo de vida definido e formalizado,Informação inexistente,Não há WBS/EAP proposto para este projeto,01/mai/2017,31/out/2017,Informação indisponível ou não documentada,,PROAD,Informação não existente para este projeto,,Não há gerenciamento de riscos para este projeto,,As mudanças são planejadas somente após sua solicitação. Em alguns casos retoma-se o ciclo de vida do projeto desde o início,"E-mails institucionais, documentos oficiais, Google Talk, reuniões presenciais e videoconferências",Planilhas eletrônicas e reuniões,Suspensão do projeto até a implementação do SIADS.,
18,Banco de Talentos dos Servidores do IFTM,Não há,IFTM,Uberaba,Minas Gerais,Grande,Institucional,Não há ciclo de vida definido e formalizado,Gabinete e Setor de Comunicação,Não há WBS/EAP proposto para este projeto,30/mai/2017,31/dez/2017,Informação indisponível ou não documentada,,PRODIN,Informação não existente para este projeto,,Não há gerenciamento de riscos para este projeto,,As mudanças são planejadas somente após sua solicitação. Em alguns casos retoma-se o ciclo de vida do projeto desde o início,"E-mails institucionais, documentos oficiais, Google Talk, reuniões presenciais e videoconferências",Planilhas eletrônicas e reuniões,Aguardando retorno do Reitor,
19,Plano de Desenvolvimento Institucional 2019 - 2023,PDI,IFTM,Uberaba,Minas Gerais,Grande,Institucional,Não há ciclo de vida definido e formalizado,Gabinete e Pró-reitoria de Desenvolvimento Institucional,Não há WBS/EAP proposto para este projeto,01/01/2018,31/12/2018,Informação indisponível ou não documentada,,PRODIN,Informação não existente para este projeto,,Não há gerenciamento de riscos para este projeto,,As mudanças são planejadas somente após sua solicitação. Em alguns casos retoma-se o ciclo de vida do projeto desde o início,"E-mails institucionais, documentos oficiais, Google Talk, reuniões presenciais e videoconferências",Planilhas eletrônicas e reuniões,"Os campi, pro reitorias e gabinete estão elaborando suas análises Swots por meio dos GTs",
20,Acompanhamento dos Horários dos Docentes,Não há,IFTM,Uberaba,Minas Gerais,Grande,Ensino,Não há ciclo de vida definido e formalizado,Informação inexistente,Não há WBS/EAP proposto para este projeto,01/jun/2017,,Informação indisponível ou não documentada,,PROEN,Informação não existente para este projeto,,Não há gerenciamento de riscos para este projeto,,As mudanças são planejadas somente após sua solicitação. Em alguns casos retoma-se o ciclo de vida do projeto desde o início,"E-mails institucionais, documentos oficiais, Google Talk, reuniões presenciais e videoconferências",Planilhas eletrônicas e reuniões,Realização de reuniões entre os envolvidos para definição dos requisitos básicos,
21,Êxito dos alunos,Não há,IFTM,Uberaba,Minas Gerais,Grande,Ensino,Não há ciclo de vida definido e formalizado,Informação inexistente,Não há WBS/EAP proposto para este projeto,01/jun/2017,31/dez/2017,Informação indisponível ou não documentada,,PROEN,Informação não existente para este projeto,,Não há gerenciamento de riscos para este projeto,,As mudanças são planejadas somente após sua solicitação. Em alguns casos retoma-se o ciclo de vida do projeto desde o início,"E-mails institucionais, documentos oficiais, Google Talk, reuniões presenciais e videoconferências",Planilhas eletrônicas e reuniões,aguardando reunião com o reitor para formatação do projeto.,
22,Permanência dos estudantes,Não há,IFTM,Uberaba,Minas Gerais,Grande,Ensino,Não há ciclo de vida definido e formalizado,Informação inexistente,Não há WBS/EAP proposto para este projeto,01/jun/2017,31/dez/2018,Informação indisponível ou não documentada,,PROEN,Informação não existente para este projeto,,Não há gerenciamento de riscos para este projeto,,As mudanças são planejadas somente após sua solicitação. Em alguns casos retoma-se o ciclo de vida do projeto desde o início,"E-mails institucionais, documentos oficiais, Google Talk, reuniões presenciais e videoconferências",Planilhas eletrônicas e reuniões,aguardando reunião com o reitor para formatação do projeto.,
23,Quadro Informativo (QI),QI,IFTM,Uberaba,Minas Gerais,Médio ,Ensino,Não há ciclo de vida definido e formalizado,Informação inexistente,Não há WBS/EAP proposto para este projeto,01/jun/2018,31/dez/2018,Informação indisponível ou não documentada,,PROEN,Informação não existente para este projeto,,Não há gerenciamento de riscos para este projeto,,As mudanças são planejadas somente após sua solicitação. Em alguns casos retoma-se o ciclo de vida do projeto desde o início,"E-mails institucionais, documentos oficiais, Google Talk, reuniões presenciais e videoconferências",Planilhas eletrônicas e reuniões,Em desenvolvimento,
24,Reorganização curricular do ensino médio integrado,Não há,IFTM,Uberaba,Minas Gerais,Médio ,Ensino,Não há ciclo de vida definido e formalizado,Informação inexistente,Não há WBS/EAP proposto para este projeto,10/jan/2018,04/nov/2019,Informação indisponível ou não documentada,,PROEN,Informação não existente para este projeto,,Não há gerenciamento de riscos para este projeto,,As mudanças são planejadas somente após sua solicitação. Em alguns casos retoma-se o ciclo de vida do projeto desde o início,"E-mails institucionais, documentos oficiais, Google Talk, reuniões presenciais e videoconferências",Planilhas eletrônicas e reuniões,Em desenvolvimento,
25,Revisão e Atualização do Regulamento da Organização Didático-Pedagógica do IFTM - Cursos técnicos e de Graduação,Não há,IFTM,Uberaba,Minas Gerais,Médio ,Ensino,Não há ciclo de vida definido e formalizado,Informação inexistente,Não há WBS/EAP proposto para este projeto,01/jun/2018,31/dez/2018,Informação indisponível ou não documentada,,PROEN,Informação não existente para este projeto,,Não há gerenciamento de riscos para este projeto,,As mudanças são planejadas somente após sua solicitação. Em alguns casos retoma-se o ciclo de vida do projeto desde o início,"E-mails institucionais, documentos oficiais, Google Talk, reuniões presenciais e videoconferências",Planilhas eletrônicas e reuniões,Aprovado pelo Consup,
26,Sistema de Ingresso,Não há,IFTM,Uberaba,Minas Gerais,Grande,Ensino,Não há ciclo de vida definido e formalizado,Pró-reitoria de ensino,Não há WBS/EAP proposto para este projeto,01/jun/2017,31/dez/2017,Informação indisponível ou não documentada,,PROEN,Informação não existente para este projeto,,Não há gerenciamento de riscos para este projeto,,As mudanças são planejadas somente após sua solicitação. Em alguns casos retoma-se o ciclo de vida do projeto desde o início,"E-mails institucionais, documentos oficiais, Google Talk, reuniões presenciais e videoconferências",Planilhas eletrônicas e reuniões,Aguardando reunião com o reitor para formatação do projeto.,Projeto em andamento. Não há informações adicionais para este projeto.
27,CONINTEREPT 2018,CONINTER,IFTM,Uberaba,Minas Gerais,Grande,Ensino,Não há ciclo de vida definido e formalizado,Toda a instituição,Não há WBS/EAP proposto para este projeto,01/fev/2018,30/nov/2018,Informação indisponível ou não documentada,,PROEX,Informação não existente para este projeto,,Não há gerenciamento de riscos para este projeto,,As mudanças são planejadas somente após sua solicitação. Em alguns casos retoma-se o ciclo de vida do projeto desde o início,"E-mails institucionais, documentos oficiais, Google Talk, reuniões presenciais e videoconferências",Planilhas eletrônicas e reuniões,Reuniões com as proreitorias para definição de programação e espaço,Projeto em andamento. Não há informações adicionais para este projeto.
28,Empregabilidade,Não há,IFTM,Uberaba,Minas Gerais,Pequeno,Ensino,Não há ciclo de vida definido e formalizado,Informação inexistente,Não há WBS/EAP proposto para este projeto,01/jun/2017,31/dez/2017,Informação indisponível ou não documentada,,PROEX,Informação não existente para este projeto,,Não há gerenciamento de riscos para este projeto,,As mudanças são planejadas somente após sua solicitação. Em alguns casos retoma-se o ciclo de vida do projeto desde o início,"E-mails institucionais, documentos oficiais, Google Talk, reuniões presenciais e videoconferências",Planilhas eletrônicas e reuniões,aguardando reunião com o reitor para formatação do projeto,Projeto em andamento. Não há informações adicionais para este projeto.
29,IFTM Itinerante,Não há,IFTM,Uberaba,Minas Gerais,Médio ,Institucional,Não há ciclo de vida definido e formalizado,Informação inexistente,Não há WBS/EAP proposto para este projeto,21/mar/2017,01/ago/2018,Informação indisponível ou não documentada,,PROEX,Informação não existente para este projeto,,Não há gerenciamento de riscos para este projeto,,As mudanças são planejadas somente após sua solicitação. Em alguns casos retoma-se o ciclo de vida do projeto desde o início,"E-mails institucionais, documentos oficiais, Google Talk, reuniões presenciais e videoconferências",Planilhas eletrônicas e reuniões,Neste momento as visitas precursoras estão sendo realizadas.,Projeto em andamento. Não há informações adicionais para este projeto.
30,IFTM Itinerante Internacional,Não há,IFTM,Uberaba,Minas Gerais,Médio ,Institucional,Não há ciclo de vida definido e formalizado,Informação inexistente,Não há WBS/EAP proposto para este projeto,25/ago/2017,30/ago/2018,Informação indisponível ou não documentada,,PROEX,Informação não existente para este projeto,,Não há gerenciamento de riscos para este projeto,,As mudanças são planejadas somente após sua solicitação. Em alguns casos retoma-se o ciclo de vida do projeto desde o início,"E-mails institucionais, documentos oficiais, Google Talk, reuniões presenciais e videoconferências",Planilhas eletrônicas e reuniões,Está agendada uma videoconferência com o Prof. Hector da Unibagué para definição das atividades e propostas para a operação 2018,Projeto em andamento. Não há informações adicionais para este projeto.
31,Incubadora IFTM,Não há,IFTM,Uberaba,Minas Gerais,Médio ,Ensino,Não há ciclo de vida definido e formalizado,Informação inexistente,Não há WBS/EAP proposto para este projeto,18/mai/2017,31/dez/2018,Informação indisponível ou não documentada,,PROEX,Informação não existente para este projeto,,Não há gerenciamento de riscos para este projeto,,As mudanças são planejadas somente após sua solicitação. Em alguns casos retoma-se o ciclo de vida do projeto desde o início,"E-mails institucionais, documentos oficiais, Google Talk, reuniões presenciais e videoconferências",Planilhas eletrônicas e reuniões,Solicitação de recurso financeiro (plano de trabalho) para o primeiro ano de funcionamento da incubadora enviada ao Reitor. Aguardando retorno.,Projeto em andamento. Não há informações adicionais para este projeto.
32,Política de egressos,Não há,IFTM,Uberaba,Minas Gerais,Grande,Ensino,Não há ciclo de vida definido e formalizado,Pró-reitoria de ensino,Não há WBS/EAP proposto para este projeto,01/jun/2017,28/fev/2018,Informação indisponível ou não documentada,,PROEX,Informação não existente para este projeto,,Não há gerenciamento de riscos para este projeto,,As mudanças são planejadas somente após sua solicitação. Em alguns casos retoma-se o ciclo de vida do projeto desde o início,"E-mails institucionais, documentos oficiais, Google Talk, reuniões presenciais e videoconferências",Planilhas eletrônicas e reuniões,Em cadastramento,Projeto em andamento. Não há informações adicionais para este projeto.
33,Portifólio IFTM 10 anos,Não há,IFTM,Uberaba,Minas Gerais,Médio ,Institucional,Não há ciclo de vida definido e formalizado,Gabinete,Não há WBS/EAP proposto para este projeto,13/mar/2017,31/dez/2018,Informação indisponível ou não documentada,,PROEX,Informação não existente para este projeto,,Não há gerenciamento de riscos para este projeto,,As mudanças são planejadas somente após sua solicitação. Em alguns casos retoma-se o ciclo de vida do projeto desde o início,"E-mails institucionais, documentos oficiais, Google Talk, reuniões presenciais e videoconferências",Planilhas eletrônicas e reuniões,Elaboração do Termo de cooperação  e projeto,Projeto em andamento. Não há informações adicionais para este projeto.
34,Herbário UFTM e IFTM,Não há,IFTM,Uberaba,Minas Gerais,Grande,Ensino,Não há ciclo de vida definido e formalizado,Informação inexistente,Não há WBS/EAP proposto para este projeto,04/out/2017,31/jul/2018,Informação indisponível ou não documentada,,PROPI,Informação não existente para este projeto,,Não há gerenciamento de riscos para este projeto,,As mudanças são planejadas somente após sua solicitação. Em alguns casos retoma-se o ciclo de vida do projeto desde o início,"E-mails institucionais, documentos oficiais, Google Talk, reuniões presenciais e videoconferências",Planilhas eletrônicas e reuniões,Aguardando a Minuta de Convênio da Proponente do Projeto (Ana Isa Machado do IFTM),Projeto em andamento. Não há informações adicionais para este projeto.
35,SEBRAE Educação Empreendedora,Não há,IFTM,Uberaba,Minas Gerais,Grande,Ensino,Não há ciclo de vida definido e formalizado,Informação inexistente,Não há WBS/EAP proposto para este projeto,04/out/2017,31/dez/2019,Informação indisponível ou não documentada,,PROPI,Informação não existente para este projeto,,Não há gerenciamento de riscos para este projeto,,As mudanças são planejadas somente após sua solicitação. Em alguns casos retoma-se o ciclo de vida do projeto desde o início,"E-mails institucionais, documentos oficiais, Google Talk, reuniões presenciais e videoconferências",Planilhas eletrônicas e reuniões,"Encaminhamento ao Gabinete para aprovação do Recurso de Contra Partida R$ 29.430,00",Projeto em andamento. Não há informações adicionais para este projeto.
36,Papel Zero,Não há,IFTM,Uberaba,Minas Gerais,Grande,TIC,Concepção - Elaboração - Construção e Transição,Fábrica de Software,Não há WBS/EAP proposto para este projeto,16/fev/2017,31/out/2017,Novo módulo no Virtual-IF: PAPEL ZERO,,"Equipes Concepção, Construção e Transição",Informação não existente para este projeto,,Não há gerenciamento de riscos para este projeto,,As mudanças são planejadas somente após sua solicitação. Em alguns casos retoma-se o ciclo de vida do projeto desde o início,"E-mails institucionais, documentos oficiais, Google Talk, reuniões presenciais e videoconferências","Redmine, planilhas eletrônicas, indicadores de desempenho, gráficos, reuniões","Ajustes solicitados nos STIs 52942, 52943 e uns outros ajustes solicitados  em uma planilha enviada pelo Lucas Kappel; Funcionalidade de Autenticação de documentos; Possibilitar anexar vários arquivos ao mesmo tempo; - tarefas em andamento equipe CCS.","Projeto executado com sucesso, a maioria dos processos que demandavam papéis foram substituídos por processos eletrônicos."
37,Gestão de Serviços e Solicitações,GSS,IFTM,Uberaba,Minas Gerais,Médio ,TIC,Concepção - Elaboração - Construção e Transição,Informação inexistente,Não há WBS/EAP proposto para este projeto,08/jun/2017,30/nov/2017,Novo módulo no Virtual-IF: GSS,,"Equipes Concepção, Construção e Transição",Informação não existente para este projeto,,Não há gerenciamento de riscos para este projeto,,As mudanças são planejadas somente após sua solicitação. Em alguns casos retoma-se o ciclo de vida do projeto desde o início,"E-mails institucionais, documentos oficiais, Google Talk, reuniões presenciais e videoconferências","Redmine, planilhas eletrônicas, indicadores de desempenho, gráficos, reuniões",Ajustes/Correções solicitadas para várias telas - em andamento equipe CCS,Projeto ainda em andamento para correção de erros e implementação de melhorias.
38,CRA - Saneamento,CRA,IFTM,Uberaba,Minas Gerais,Pequeno,TIC,Concepção - Elaboração - Construção e Transição,Informação inexistente,Não há WBS/EAP proposto para este projeto,08/fev/2017,30/nov/2017,Informação indisponível ou não documentada,,"Equipes Concepção, Construção e Transição",Informação não existente para este projeto,,Não há gerenciamento de riscos para este projeto,,As mudanças são planejadas somente após sua solicitação. Em alguns casos retoma-se o ciclo de vida do projeto desde o início,"E-mails institucionais, documentos oficiais, Google Talk, reuniões presenciais e videoconferências","Redmine, planilhas eletrônicas, indicadores de desempenho, gráficos, reuniões",Incorporar informações dos cursos nos indicadores,Projeto em andamento.
39,Matriz CONIF,CONIF,IFTM,Uberaba,Minas Gerais,Grande,TIC,Concepção - Elaboração - Construção e Transição,CONIF,Não há WBS/EAP proposto para este projeto,08/fev/2017,30/nov/2017,Informação indisponível ou não documentada,,"Equipes Concepção, Construção e Transição",Informação não existente para este projeto,,Não há gerenciamento de riscos para este projeto,,As mudanças são planejadas somente após sua solicitação. Em alguns casos retoma-se o ciclo de vida do projeto desde o início,"E-mails institucionais, documentos oficiais, Google Talk, reuniões presenciais e videoconferências","Redmine, planilhas eletrônicas, indicadores de desempenho, gráficos, reuniões",Testes finalizados e e-mail enviado para os patrocinadores.,O Módulo da Matriz CONIF irá auxiliar o CONIF ao acesso das informações intitucionais de todos os IFs.
40,Painel de Notificações Virtual IF,Não há,IFTM,Uberaba,Minas Gerais,Médio ,TIC,Concepção - Elaboração - Construção e Transição,Fábrica de Software,Não há WBS/EAP proposto para este projeto,08/jun/2017,30/nov/2017,Informação indisponível ou não documentada,,"Equipes Concepção, Construção e Transição",Informação não existente para este projeto,,Não há gerenciamento de riscos para este projeto,,As mudanças são planejadas somente após sua solicitação. Em alguns casos retoma-se o ciclo de vida do projeto desde o início,"E-mails institucionais, documentos oficiais, Google Talk, reuniões presenciais e videoconferências","Redmine, planilhas eletrônicas, indicadores de desempenho, gráficos, reuniões",Em ajustes na equipe CCS,Projeto em andamento.
41,Reformulação do Mural de Recados,MR,IFTM,Uberaba,Minas Gerais,Pequeno,TIC,Concepção - Elaboração - Construção e Transição,Pró-reitoria de ensino,Não há WBS/EAP proposto para este projeto,05/set/2017,06/dez/2017,Informação indisponível ou não documentada,,"Equipes Concepção, Construção e Transição",Informação não existente para este projeto,,Não há gerenciamento de riscos para este projeto,,As mudanças são planejadas somente após sua solicitação. Em alguns casos retoma-se o ciclo de vida do projeto desde o início,"E-mails institucionais, documentos oficiais, Google Talk, reuniões presenciais e videoconferências","Redmine, planilhas eletrônicas, indicadores de desempenho, gráficos, reuniões",Ajustes a serem realizados na página do Gestor - Aguardando disponibilidade de recursos da equipe CCS,Adequação do módulo legado de Recados ao novo padrão de desenvolvimento do IFTM.
42,MAD - Almoxarifado e Patrimônio,ALMOX,IFTM,Uberaba,Minas Gerais,Médio ,TIC,Concepção - Elaboração - Construção e Transição,Setor de Almoxarifado,Não há WBS/EAP proposto para este projeto,21/out/2016,18/jan/2018,Informação indisponível ou não documentada,,"Equipes Concepção, Construção e Transição",Informação não existente para este projeto,,Não há gerenciamento de riscos para este projeto,,As mudanças são planejadas somente após sua solicitação. Em alguns casos retoma-se o ciclo de vida do projeto desde o início,"E-mails institucionais, documentos oficiais, Google Talk, reuniões presenciais e videoconferências","Redmine, planilhas eletrônicas, indicadores de desempenho, gráficos, reuniões",Ajustes solicitados em andamento equipe CCS,Projeto em andamento.
43,"MAC - Banco de Estágio, Emprego e Currículo",MAC,IFTM,Uberaba,Minas Gerais,Médio ,TIC,Concepção - Elaboração - Construção e Transição,Pró-reitoria de ensino,Não há WBS/EAP proposto para este projeto,16/jan/2018,30/jun/2018,Informação indisponível ou não documentada,,"Equipes Concepção, Construção e Transição",Informação não existente para este projeto,,Não há gerenciamento de riscos para este projeto,,As mudanças são planejadas somente após sua solicitação. Em alguns casos retoma-se o ciclo de vida do projeto desde o início,"E-mails institucionais, documentos oficiais, Google Talk, reuniões presenciais e videoconferências","Redmine, planilhas eletrônicas, indicadores de desempenho, gráficos, reuniões",Realizada reunião - foi mostrado protótipos da solicitação de cadastro da empresa pelo site.,Projeto em andamento.
44,Midia in door,MEDIA,IFTM,Uberaba,Minas Gerais,Grande,TIC,Concepção - Elaboração - Construção e Transição,Fábrica de Software e Setor de Comunicação,Não há WBS/EAP proposto para este projeto,01/mar/2017,31/ago/2018,Novo módulo: MEDIA INDOOR,,"Equipes Concepção, Construção e Transição",Informação não existente para este projeto,,Não há gerenciamento de riscos para este projeto,,As mudanças são planejadas somente após sua solicitação. Em alguns casos retoma-se o ciclo de vida do projeto desde o início,"E-mails institucionais, documentos oficiais, Google Talk, reuniões presenciais e videoconferências","Redmine, planilhas eletrônicas, indicadores de desempenho, gráficos, reuniões",Mídia Indoor em produção desde do dia 04/02. Realizar termo de encerramento.,Projeto em andamento.
45,SITE EDITAIS,EDITAIS,IFTM,Uberaba,Minas Gerais,Grande,TIC,Concepção - Elaboração - Construção e Transição,Informação inexistente,Não há WBS/EAP proposto para este projeto,21/mai/2018,31/ago/2018,Informação indisponível ou não documentada,,"Equipes Concepção, Construção e Transição",Informação não existente para este projeto,,Não há gerenciamento de riscos para este projeto,,As mudanças são planejadas somente após sua solicitação. Em alguns casos retoma-se o ciclo de vida do projeto desde o início,"E-mails institucionais, documentos oficiais, Google Talk, reuniões presenciais e videoconferências","Redmine, planilhas eletrônicas, indicadores de desempenho, gráficos, reuniões",Cadastro de edital construção em andamento equipe CCS,Reformulação do módulo de disponibilização dos editais para público externo.
46,MAD-RH - Readequação Novo Padrão,RH,IFTM,Uberaba,Minas Gerais,Pequeno,TIC,Concepção - Elaboração - Construção e Transição,Pró-reitoria de Desenvolvimento Institucional,Não há WBS/EAP proposto para este projeto,01/mai/2018,30/dez/2018,Módulo reformulado no Virtual-IF: MAD-RH,,"Equipes Concepção, Construção e Transição",Informação não existente para este projeto,,Não há gerenciamento de riscos para este projeto,,As mudanças são planejadas somente após sua solicitação. Em alguns casos retoma-se o ciclo de vida do projeto desde o início,"E-mails institucionais, documentos oficiais, Google Talk, reuniões presenciais e videoconferências","Redmine, planilhas eletrônicas, indicadores de desempenho, gráficos, reuniões","Cadastro da Ficha do Servidor e ajustes no cadastro de cargo, construção em andamento equipe CCS",Adequação dos módulos legados para o novo padrão de desenvolvimento da Fábrica de Software.
47,Módulo Alaíde,Não há,IFTM,Uberaba,Minas Gerais,Pequeno,TIC,Concepção - Elaboração - Construção e Transição,Gabinete,Não há WBS/EAP proposto para este projeto,01/jun/2018,30/dez/2018,Informação indisponível ou não documentada,,"Equipes Concepção, Construção e Transição",Informação não existente para este projeto,,Não há gerenciamento de riscos para este projeto,,As mudanças são planejadas somente após sua solicitação. Em alguns casos retoma-se o ciclo de vida do projeto desde o início,"E-mails institucionais, documentos oficiais, Google Talk, reuniões presenciais e videoconferências","Redmine, planilhas eletrônicas, indicadores de desempenho, gráficos, reuniões","Módulo Comunicação entregue no ambiente de produção com as seguintes telas/funcionalidades: Lista de Aniversariantes, Cartão Aniversariante e Cartão Data Comemorativa.",Projeto em andamento.
48,Eventos,Não há,IFTM,Uberaba,Minas Gerais,Médio ,TIC,Concepção - Elaboração - Construção e Transição,Gabinete,Não há WBS/EAP proposto para este projeto,21/mai/2018,31/dez/2018,Novo módulo no Virtual-IF: EVENTOS,,"Equipes Concepção, Construção e Transição",Informação não existente para este projeto,,Não há gerenciamento de riscos para este projeto,,As mudanças são planejadas somente após sua solicitação. Em alguns casos retoma-se o ciclo de vida do projeto desde o início,"E-mails institucionais, documentos oficiais, Google Talk, reuniões presenciais e videoconferências","Redmine, planilhas eletrônicas, indicadores de desempenho, gráficos, reuniões",Ajustes testados e disponibilizados em ambiente de produção.,Projeto para formalizar e organizar a criação de eventos da instituição. No seu primeiro teste foi muito bem aceito pelos stakeholders.
49,SITE - Readequação Novo Padrão,SITE,IFTM,Uberaba,Minas Gerais,Médio ,TIC,Concepção - Elaboração - Construção e Transição,Fábrica de Software,Não há WBS/EAP proposto para este projeto,01/set/2018,31/dez/2018,Módulo reformulado: SITE,,"Equipes Concepção, Construção e Transição",Informação não existente para este projeto,,Não há gerenciamento de riscos para este projeto,,As mudanças são planejadas somente após sua solicitação. Em alguns casos retoma-se o ciclo de vida do projeto desde o início,"E-mails institucionais, documentos oficiais, Google Talk, reuniões presenciais e videoconferências","Redmine, planilhas eletrônicas, indicadores de desempenho, gráficos, reuniões",Aguardando disponibilidade de recursos da equipe CCS,Readequação do SITE para novo padrão de desenvolvimento.
50,MAC-RAD - Relatório de Atividade Docente,RAD,IFTM,Uberaba,Minas Gerais,Médio ,TIC,Concepção - Elaboração - Construção e Transição,Pró-reitoria de ensino,Não há WBS/EAP proposto para este projeto,14/nov/2017,30/jun/2019,Informação indisponível ou não documentada,,"Equipes Concepção, Construção e Transição",Informação não existente para este projeto,,Não há gerenciamento de riscos para este projeto,,As mudanças são planejadas somente após sua solicitação. Em alguns casos retoma-se o ciclo de vida do projeto desde o início,"E-mails institucionais, documentos oficiais, Google Talk, reuniões presenciais e videoconferências","Redmine, planilhas eletrônicas, indicadores de desempenho, gráficos, reuniões",Aguardando reunião com a PROEN para verificar possíveis alterações no projeto,Projeto em andamento.
51,MAC-QIA - Quadro Informativo do Aluno,QIA,IFTM,Uberaba,Minas Gerais,Grande,TIC,Concepção - Elaboração - Construção e Transição,Pró-reitoria de ensino,Não há WBS/EAP proposto para este projeto,02/abr/2018,30/jun/2019,Informação indisponível ou não documentada,,"Equipes Concepção, Construção e Transição",Informação não existente para este projeto,,Não há gerenciamento de riscos para este projeto,,As mudanças são planejadas somente após sua solicitação. Em alguns casos retoma-se o ciclo de vida do projeto desde o início,"E-mails institucionais, documentos oficiais, Google Talk, reuniões presenciais e videoconferências","Redmine, planilhas eletrônicas, indicadores de desempenho, gráficos, reuniões",6ª Sprint - Atendimentos e Intervenções em construção equipe CCS,Projeto em andamento.
52,Reformulação COPESE,COPESE,IFTM,Uberaba,Minas Gerais,Pequeno,TIC,Concepção - Elaboração - Construção e Transição,Coordenação de Processos Seletivos,Não há WBS/EAP proposto para este projeto,25/out/2018,30/jun/2019,Módulo reformulado no Virtual-IF: COPESE,,"Equipes Concepção, Construção e Transição",Informação não existente para este projeto,,Não há gerenciamento de riscos para este projeto,,As mudanças são planejadas somente após sua solicitação. Em alguns casos retoma-se o ciclo de vida do projeto desde o início,"E-mails institucionais, documentos oficiais, Google Talk, reuniões presenciais e videoconferências","Redmine, planilhas eletrônicas, indicadores de desempenho, gráficos, reuniões",Reuniões foram suspensas a pedido da COPESE,Projeto em andamento.
53,Reformulação IF-MOBILE,IF-MOBILE,IFTM,Uberaba,Minas Gerais,Pequeno,TIC,Concepção - Elaboração - Construção e Transição,Fábrica de Software,Não há WBS/EAP proposto para este projeto,25/out/2018,30/jun/2019,Virtual-IF acessível por dispositivos móveis,,"Equipes Concepção, Construção e Transição",Informação não existente para este projeto,,Não há gerenciamento de riscos para este projeto,,As mudanças são planejadas somente após sua solicitação. Em alguns casos retoma-se o ciclo de vida do projeto desde o início,"E-mails institucionais, documentos oficiais, Google Talk, reuniões presenciais e videoconferências","Redmine, planilhas eletrônicas, indicadores de desempenho, gráficos, reuniões",Sugiro convidar alguns professores para ter opinião sobre o leiaute,Projeto em andamento.
54,BQ - Banco de Questões,BQ,IFTM,Uberaba,Minas Gerais,Médio ,TIC,Concepção - Elaboração - Construção e Transição,Pró-reitoria de ensino,Não há WBS/EAP proposto para este projeto,15/out/2018,30/jun/2019,Novo módulo no Virtual-IF: BQ,,"Equipes Concepção, Construção e Transição",Informação não existente para este projeto,,Não há gerenciamento de riscos para este projeto,,As mudanças são planejadas somente após sua solicitação. Em alguns casos retoma-se o ciclo de vida do projeto desde o início,"E-mails institucionais, documentos oficiais, Google Talk, reuniões presenciais e videoconferências","Redmine, planilhas eletrônicas, indicadores de desempenho, gráficos, reuniões",Tela para responder questionário em construção equipe CCS,Readequação do módulo legado.
55,Projetos com apoio de fundações,Não há,IFTM,Uberaba,Minas Gerais,Médio ,TIC,Concepção - Elaboração - Construção e Transição,Informação inexistente,Não há WBS/EAP proposto para este projeto,26/nov/2018,30/jun/2019,Informação indisponível ou não documentada,,"Equipes Concepção, Construção e Transição",Informação não existente para este projeto,,Não há gerenciamento de riscos para este projeto,,As mudanças são planejadas somente após sua solicitação. Em alguns casos retoma-se o ciclo de vida do projeto desde o início,"E-mails institucionais, documentos oficiais, Google Talk, reuniões presenciais e videoconferências","Redmine, planilhas eletrônicas, indicadores de desempenho, gráficos, reuniões",CTS testou consulta de projetos no site e disponibilizado o sistema em ambiente de Produção. Já está sendo utilizado pelo solicitante.,Projeto em andamento.
56,MAD-CONTRATOS,Não há,IFTM,Uberaba,Minas Gerais,Médio,TIC,Concepção - Elaboração - Construção e Transição,Setor de Contratos e Licitações,Não há WBS/EAP proposto para este projeto,19/dez/2018,31/dez/2019,Novo módulo no Virtual-IF: CONTRATOS,,"Equipes Concepção, Construção e Transição",Informação não existente para este projeto,,Não há gerenciamento de riscos para este projeto,,As mudanças são planejadas somente após sua solicitação. Em alguns casos retoma-se o ciclo de vida do projeto desde o início,"E-mails institucionais, documentos oficiais, Google Talk, reuniões presenciais e videoconferências","Redmine, planilhas eletrônicas, indicadores de desempenho, gráficos, reuniões",Foi desenhado o fluxo geral do funcionamento dos contratos,Projeto em andamento.
57,"Resgate, Indexação e Publicação em formato de e-book dos Resultados das Pesquisas desenvolvidas nos 10 anos de IFMT",Não há,IFMT,Cuiabá,Mato Grosso,Pequeno,Ensino,"Para executar a publicação do e-book, partiremos de levantamento que consistirá em consultar d
eventos locais e regionais, páginas de web sites, além de outros materiais impressos disponíveis no I
etc) em busca dos dados a serem resgatados, indexados e publicados. Assim, por utilizar fontes a
bibliográfica (DALBERIO, 2011, p. 167).
É importante ressaltar que o início do referido levantamento será precedido pela realização de enc
dos conceitos de metodologia e produção científica.
As etapas seguintes serão:
Envio de formulários online para e-mail dos servidores;
Levantamento em anais de eventos regionais e locais;
Busca em Currículo Lattes;
Busca em Google Acadêmico; e
Busca nos relatórios dos servidores em pós-graduação.
Após a coleta dos dados, estes serão analisados e indexados. Em seguida, será paga a taxa de ISSB
Por fim, o e-book será disponibilizado em sítio institucional e apresentado à comunidade científica
A divulgação continua através de apresentação do material em outros eventos científicos e imprens","Externar à sociedade e às comunidades científica e acadêmica a produção científica dos 10 anos de IFM
em formato de e-book e disponibilização em sítio institucional dos resultados das pesquisas desenvol
instituição federal de ensino público, gratuito, de qualidade, de produção de conhecimentos nas diversas
significativa ao desenvolvimento educacional, científico e tecnológico local e regional.",Não há,23/07/2018,31/07/2019,Ebook contendo a produção científica dos 10 anos do IFMT,Não há atividades detalhadas,Coordenadora de Pós Graduação do Campus Cuiabá,Não há informação,Não há informação,Não há informação,"Sociedade Civil, Comunidades Científicas e Acadêmicas, Alunos do IFMT",Não há informação,Não há informação,Não há informação,Não há informação,"Como é um projeto de Pesquisa e especificamente do Campus Cuiabá, não se tem tantas informações do projeto, mas o projeto visa resgatar e documentar a documentação que hoje é armazenada de forma errada e que com o tempo está se deteriorando, pois não há local adequado de arquivo. Para que os projetos pudessem ter acesso ao acervo, deveria haver um local adequado para arquivo das documentações dos alunos, visto que as mesmas devem ser armazendas por 100 anos conforme tabela de temporalidade."
58,Elabi 2.0: Uma proposta de implementação de software para mitigar evasão escolar,Elabi 2.0,IFMT,Cuiabá,Mato Grosso,Pequeno,Ensino,"1. identificar outros atributos de alunos (número de faltas, registros comportamentais, registro de medidas dis
reprovações, histórico escolar, entre outras), cadastrados no sistema acadêmico;
2. calcular a métrica “ganho de informação” destes atributos para avaliar seu emprego no modelo de predição;
3. implementar a atualização do software com a inclusão dos atributos escolhidos;
4. utilizar o software atualizado e gerar a listagem de alunos tendentes a evasão; e

5. divulgar o conhecimento adquirido através de relatórios, artigos científicos e livros eletrônicos.",,,10/07/2018,31/07/2019,Sistema para acompanhamento do desempenho dos alunos,Não há atividades detalhadas,Coordenadora de Pós Graduação / Departamento de Informática do Campus Cuiabá,"R$ 15.600,00",Não há informação,Não há informação,Servidores do Campus,Não há informação,Não há informação,Não há informação,Não há informação,"Por ser um projeto de pesquisa do campus, não há informação detalhada e não há como avaliar"
59,A salvaguarda dos Livros de Registro do Exame de Admissão da Escola Industrial de Cuiabá (1947-1971),Não há,IFMT,Cuiabá,Mato Grosso,Pequeno,Ensino,1. Estudo da bibliografia fundamentadora. 2. Resgate dos Livros de Registros.3. Levantamento diagnóstico e estruturação do acervo dos livros. 4. Catalogação e produção dos instrumentos de consulta. 5. Acondicionamento e guarda correta do acervo dos livro,,,30/07/2018,31/07/2019,Livros de Registro Escolares Antigos Scaneados e armazenados digitalmente,Não há atividades detalhadas,Coordenadora de Pós Graduação do Campus Cuiabá,Não há informação,Não há informação,Não há informação,Servidores do Campus,Não há informação,Não há informação,Não há informação,Não há informação,"Como é um projeto de Pesquisa e especificamente do Campus Cuiabá, não se tem tantas informações do projeto, mas o projeto visa resgatar e documentar a documentação que hoje é armazenada de forma errada e que com o tempo está se deteriorando, pois não há local adequado de arquivo. Para que os projetos pudessem ter acesso ao acervo, deveria haver um local adequado para arquivo das documentações dos alunos, visto que as mesmas devem ser armazendas por 100 anos conforme tabela de temporalidade."
60,SUAP - Implantação do módulo de Central de Serviços,,IFMT,Cuiabá,Mato Grosso,Médio,Institucional,1. Avaliação do módulo de central de serviços. 2. Ajuste no módulo central de serviços. 3. Homologação com usuários da central de serviços. 4. Elaboração dos manuais do módulo de central de serviços,,,25/09/2017,,,,Coordenação de Sistemas e Negócios / Diretoria Sistêmica de Tecnologia da Informação,,,,"DSTI
Servidores lotados na reitoria",,,Redmine,,
61,SUAP - Implantação do módulo Contratos,,IFMT,Cuiabá,Mato Grosso,Grande,Institucional,1. Avaliação do módulo Contratos. 2. Ajuste no módulo Contratos. 3. Elaboração dos manuais do módulo Contratos. 4.Homologação com usuários da central de serviços. 5. Encerramento do módulo Contratos,,,16/04/2018,,,,Coordenação de Sistemas e Negócios  / Diretoria Sistêmica de Tecnologia da Informação,,,,Equipe de contratos das unidades do IFMT,,,Redmine,,
62,SUAP - Implantação do módulo Patrimônio,,IFMT,Cuiabá,Mato Grosso,Grande,Institucional,1. Realizar homologação/Avaliação do módulo Patrimônio. 2.Tomada de decisão pela PROAD quanto a metodologia do módulo. 3.Testar funcionalidade do módulo Patrimônio. 4.Realizar o fluxo completo do módulo Patrimônio. 5.Publicação de normativas referente a tomada de decisão. 6.Registrar conclusão da homologação 7.Correção dos dados - ajustes nos elementos de despesa. 8.Parâmetros de configuração - adicionar plano de contas. 9.Gravar vídeo de anexo ao guião. 10.Realizar validação do guião de laboratório do módulo Patrimônio. 11.Executar comando de depreciação. 12. Realizar fluxo do módulo de Patrimônio do SUAP. 13. Recomendação de instrução normativa para agregar a informatização dos processos do módulo Patrimônio. 14.Treinamento para a equipe da PROAD ( Oficina Técnica). 15. Correção dos dados - ajustes de elementos de despesa (parte interessada). 16.Instrução Normativa para o módulo Patrimônio. 17. Gravar vídeo do fluxograma do módulo Patrimônio. 18. Documentação - Visão do Usuário,,,17/04/2018,,,,Coordenação de Sistemas e Negócios  / Diretoria Sistêmica de Tecnologia da Informação,,,,"PROAD
Coordenação de Patrimônio",,,Redmine,,
63,SUAP - Implantação do Módulo Saúde,,IFMT,Cuiabá,Mato Grosso,Médio,Institucional,1.Implantação do módulo Saúde - Atividades Estudantis 2. Adicionar motivo de atendimento,,,10/08/2017,,,,Coordenação de Sistemas e Negócios  / Diretoria Sistêmica de Tecnologia da Informação,,,,"DSTI
DGP",,,Redmine,,
64,SUAP - Implantação do módulo Avaliação de Desempenho,,IFMT,Cuiabá,Mato Grosso,Grande,Institucional,"1. Avaliação do módulo 
Avaliação de Desempenho.
2. Ajustes no módulo Avaliação
 de Desempenho. 3. Homologação
 com usuários Avaliação de 
Desempenho 4. Elaboração 
Manuais Módulo Avaliação
 de Desempenho.",,,11/01/2018,,,,Coordenação de Sistemas e Negócios  / Diretoria Sistêmica de Tecnologia da Informação,,,,,,,Redmine,,
65,SUAP - Implantação do módulo Fiscal,,IFMT,Cuiabá,Mato Grosso,Grande,Institucional,"1. Avaliação do módulo Fiscal.
2. Ajustes no módulo Fiscal.
3. Homologação com usuários 
Módulo Fiscal.
4. Elaboração manuais Módulo
Fiscal",,,25/09/2017,,,,Coordenação de Sistemas e Negócios  / Diretoria Sistêmica de Tecnologia da Informação,,,,,,,Redmine,,
66,"Capacitação dos Servidores Técnicos em Educação (Município, Estado)",Pró-Funcionário,IFMT,Sinop / Juína / Juara / Pontes e Lacerda / Cáceres / Rondonópolis / Matupá / Alta Floresta / Confresa / São Félix do Araguaia / Cuiabá ,Mato Grosso,Grande,Ensino,1. Cronstrução do PTA / 2. Solicitação de Orçamento / 3 . Execução / 4. Prestação de contas,Capacitar os Técnicos Administrativos em Educação do Estado,Não Há,01/04/2017,31/12/2019,Servidores dos municípios e Estado Capacidados,Solicitação Orçamentária / Criação dos PPCs / Aprovação do PPC / Seleção dos Alunos / Início das Atividades / Finalização das Atividades / Prestação de contas,Coordenação Adjunta / Coordenação da Rede E-TEC ,"7.700.000,00 / 4.800.000,00",O cronograma é alterável devido liberação de orçamento e andamento do curso,Não há,Servidores Técnicos Adminsitrativos em Educação das Prefeituras e Estado,Não há,"As comunicações são feitas via sistema SIMEC, E-mail e Whatsapp e também reuniões periódicas com a equipe interna do IFMT",SIMEC,A capacitação já foi executada 02 anos entrando em seu estágio final,"O projeto é uma demanda do Conselho Nacional de Educação, que visa capacitar todos os técnicos administrativos em Educação dos poderes Federal, Estadual e Municipal. Executado no estado para Estado e Municípios, o projeto é baseado na demanda repassada pelas prefeituras e e Secretaria estadual, ficando complicado o planejamento exato do valor orçamentário e de quais cursos sejam ofertados.  O que agrava o planejamento é a rotatividade dos servidores municipais e que ingressam no curso"
67,Adequação dos espaços físicos,,IFES,Todo o instituto.,Espiríto Santo,Grande,Infraestrutura,,Institucional,Não há WBS/EAP proposto para este projeto,jan/2015,,"Adequar a infraestrutura para pesquisa aplicada e extensão tecnológica;
Consolidar a estrutura física e de pessoal dos campi;
Promover a verticalização do ensino articulada com a vocação dos campi;
Fortalecer parcerias com o setor produtivo e instituições de ensino e pesquisa nacionais e internacionais;
Incentivar a pesquisa aplicada e extensão;
Integrar ensino, pesquisa e extensão;
Soluções tecnológicas e inovadoras;
Difusão de conhecimento, cultura e esporte.",,Sem acesso a informação.,Sem acesso a informação.,Sem acesso a informação.,Sem acesso a informação.,Sem acesso a informação.,Sem acesso a informação.,"E-mails institucional, webchat, documentos oficiais, reuniões presenciais e webconferências","Redmine, planilhas eletrônicas, arquivos compartilhados e reuniões",,"Estudo sobre a adequação da infraestrutura de cada campus, identificação de necessidades de melhorias, priorização de obras baseada em técnicas multicritérios."
68,Comunicação Ifes,,IFES,Todo o instituto.,Espiríto Santo,Grande,Comunicação,,Institucional,Não há WBS/EAP proposto para este projeto,jan/2015,,"Consolidar a estrutura física e de pessoal dos campi;
Fortalecer a acessibilidade, a transparência e a clareza das informações;
Fortalecer a identidade institucional e a ação em rede;
Ampliar e aperfeiçoar os canais e os processos de comunicação interna e com a sociedade;
Difusão de conhecimento, cultura e esporte.",,Sem acesso a informação.,Sem acesso a informação.,Sem acesso a informação.,Sem acesso a informação.,Sem acesso a informação.,Sem acesso a informação.,"E-mails institucional, webchat, documentos oficiais, reuniões presenciais e webconferências","Redmine, planilhas eletrônicas, arquivos compartilhados e reuniões",,"Fortalecimento da identidade institucional e a ação em rede, ampliação e aperfeiçoamento dos canais de comunicação interna e com a sociedade, fortalecimento da acessibilidade, transparência e a clareza das informações, consolidação da estrutura física e de pessoal de comunicação dos campi."
69,Ifes Cidadania,,IFES,Todo o instituto.,Espiríto Santo,Grande,Institucional,,Institucional,Não há WBS/EAP proposto para este projeto,jan/2015,,"Ampliar a participação dos servidores nas atividades de pesquisa aplicada e extensão;
Ampliar a interação da comunidade interna e externa nas ações educacionais;
Profissionais empreendedores, críticos, éticos e atuantes na 60 PROJETOS OBJETIVOS ESTRATÉGICOS RELACIONADOS sociedade;
Difusão de conhecimento, cultura e esporte.",,Sem acesso a informação.,Sem acesso a informação.,Sem acesso a informação.,Sem acesso a informação.,Sem acesso a informação.,Sem acesso a informação.,"E-mails institucional, webchat, documentos oficiais, reuniões presenciais e webconferências","Redmine, planilhas eletrônicas, arquivos compartilhados e reuniões",,"Implementação de programas de extensão comunitária em rede, em âmbito estadual, por meio de atividades educacionais, culturais, esportivas, científicas e tecnológicas, de inclusão digital, que contribuam para o desenvolvimento sustentável do Espírito Santo e se torne um programa de referência na implementação dos objetivos e metas da Agenda 2030 da ONU."
70,"Parcerias
Tecnológicas
",,IFES,Todo o instituto.,Espiríto Santo,Grande,TIC,,Institucional,Não há WBS/EAP proposto para este projeto,jan/2015,,"Ampliar a participação dos servidores nas atividades de pesquisa aplicada e extensão;
Fortalecer parcerias com o setor produtivo e instituições de ensino e pesquisa nacionais e internacionais;
Fortalecer a identidade institucional e a ação em rede;
Ampliar a interação da comunidade interna e externa nas ações educacionais;
Aumentar a capacitação de recursos extraorçamentários e créditos complementares;
Soluções tecnológicas e inovadoras.",,Sem acesso a informação.,Sem acesso a informação.,Sem acesso a informação.,Sem acesso a informação.,Sem acesso a informação.,Sem acesso a informação.,"E-mails institucional, webchat, documentos oficiais, reuniões presenciais e webconferências","Redmine, planilhas eletrônicas, arquivos compartilhados e reuniões",,"Viabilização da execução de projetos tecnológicos cooperativos, compostos de ações de pesquisa aplicada e extensão tecnológicas, realizados por meio da conjugação de recursos provenientes de programas públicos de fomento com contrapartidas econômicas e financeiras captados de entidades parceiras."
71,"Qualidade de Vida
no Trabalho",,IFES,Todo o instituto.,Espiríto Santo,Grande,Institucional,,Institucional,Não há WBS/EAP proposto para este projeto,jan/2015,,"Consolidar a estrutura física e de pessoal dos campi;
Atrair e manter profissionais competentes;
Ampliar a interação da comunidade interna e externa nas ações educacionais.",,Sem acesso a informação.,Sem acesso a informação.,Sem acesso a informação.,Sem acesso a informação.,Sem acesso a informação.,Sem acesso a informação.,"E-mails institucional, webchat, documentos oficiais, reuniões presenciais e webconferências","Redmine, planilhas eletrônicas, arquivos compartilhados e reuniões",,"Desenvolvimento de ações que visem à melhoria da qualidade de vida no trabalho dos servidores a partir da análise de diversos fatores: atividades educativas, programas de atividade física, compensação justa e adequada, condições de trabalho, utilização e desenvolvimento de capacidades, oportunidade de crescimento e segurança, integração social na organização, constitucionalismo, trabalho e espaço total de vida e relevância social da vida no trabalho."
72,"Observatório de
Egressos
",,IFES,Todo o instituto.,Espiríto Santo,Grande,Ensino,,Institucional,Não há WBS/EAP proposto para este projeto,jan/2015,,"Ampliar e aperfeiçoar os canais e os processos de comunicação interna e com a sociedade;
Fortalecer a acessibilidade, a transparência e a clareza das informações;
Fortalecer a identidade institucional e a ação em rede
Ampliar a interação da comunidade interna e externa nas ações educacionais;
Profissionais empreendedores, críticos, éticos e atuantes na sociedade.",,Sem acesso a informação.,Sem acesso a informação.,Sem acesso a informação.,Sem acesso a informação.,Sem acesso a informação.,Sem acesso a informação.,"E-mails institucional, webchat, documentos oficiais, reuniões presenciais e webconferências","Redmine, planilhas eletrônicas, arquivos compartilhados e reuniões",,"Desenvolvimento de um centro de informações de referência baseado em plataformas de comunicação e instrumentos de coleta de dados de egresso do IFES, que reflita de forma atualizada, permanente e contextualizada, a sua interação com as várias dimensões do mundo do trabalho.
"
73,"Normatização de
Procedimentos",,IFES,Todo o instituto.,Espiríto Santo,Grande,Institucional,,Institucional,Não há WBS/EAP proposto para este projeto,jan/2015,,"Desenvolver modelo de governança com foco em resultados e indicadores;
Promover a uniformização eficiência das atividades de trabalho;
Estimular a participação da comunidade IFES na gestão;
Ampliar e aperfeiçoar os canais e os processos de comunicação interna e com a sociedade;
Soluções tecnológicas e inovadoras.",,Sem acesso a informação.,Sem acesso a informação.,Sem acesso a informação.,Sem acesso a informação.,Sem acesso a informação.,Sem acesso a informação.,"E-mails institucional, webchat, documentos oficiais, reuniões presenciais e webconferências","Redmine, planilhas eletrônicas, arquivos compartilhados e reuniões",,"Criação de uma base de conhecimento formal dos procedimentos institucionais, padronização de operações de trabalho, aumento da eficácia e eficiência na tramitação de trabalho.
"
74,"Sistema Integrado
de Gestão",,IFES,Vitória,Espiríto Santo,Grande,Institucional,,Institucional,Não há WBS/EAP proposto para este projeto,jan/2015,,"Fortalecer a acessibilidade, a transparência e a clareza das informações;
Estimular a participação da comunidade IFES na gestão;
Promover a uniformização e eficiência das atividades de trabalho;
Soluções tecnológicas e inovadoras.",,Sem acesso a informação.,Sem acesso a informação.,Sem acesso a informação.,Sem acesso a informação.,Sem acesso a informação.,Sem acesso a informação.,"E-mails institucional, webchat, documentos oficiais, reuniões presenciais e webconferências","Redmine, planilhas eletrônicas, arquivos compartilhados e reuniões",,"Profissionalização da gestão por meio da integração da informação, das pessoas e dos processos através da ferramenta que apoiará a estruturação da instituição através de procedimento definidos que auxiliarão os gestores nas tomadas de decisões. Possui ainda a capacidade de lidar com a complexidade do gerenciamento da grande quantidade de informações geradas no instituto, proporciona modernização, agilidade e transparência dos processos internos institucionais."
75,Editora IFES,,IFES,Vitória,Espiríto Santo,Grande,Comunicação,,Institucional,Não há WBS/EAP proposto para este projeto,jan/2015,,"Ampliar a participação dos servidores nas atividades de pesquisa aplicada e extensão;
Fortalecer a identidade institucional e a ação em rede;
Incentivar a pesquisa aplicada e extensão;
Difusão de conhecimento, cultura e esporte.",,Sem acesso a informação.,Sem acesso a informação.,Sem acesso a informação.,Sem acesso a informação.,Sem acesso a informação.,Sem acesso a informação.,"E-mails institucional, webchat, documentos oficiais, reuniões presenciais e webconferências","Redmine, planilhas eletrônicas, arquivos compartilhados e reuniões",,"Estruturação administrativa de produção, editoração, difusão e distribuição de conteúdos acadêmicos em diversos suportes e plataformas."
76,"Programa de Apoio
a Mestrados
Profissionais",,IFES,Vitória,Espiríto Santo,Grande,Ensino,,Institucional,Não há WBS/EAP proposto para este projeto,jan/2015,,"Promover capacitação e qualificação estratégicas continuadas de servidores;
Atrair e manter profissionais competentes;
Ampliar a participação dos servidores nas atividades de pesquisa aplicada e extensão;
Fortalecer a identidade institucional e a ação em Rede;
Promover a verticalização do ensino articulada com a vocação dos campi;
Incentivar a pesquisa aplicada e extensão;
Difusão de conhecimento, cultura e esporte;
Formação de formadores.",,Sem acesso a informação.,Sem acesso a informação.,Sem acesso a informação.,Sem acesso a informação.,Sem acesso a informação.,Sem acesso a informação.,"E-mails institucional, webchat, documentos oficiais, reuniões presenciais e webconferências","Redmine, planilhas eletrônicas, arquivos compartilhados e reuniões",,"Criação de programa que auxilie: a manutenção de equipamentos, funcionamento de laboratórios de ensino e pesquisa, produção de material didático instrucional e publicação de artigos científicos, aquisição de novas tecnologias em informática, promoção de eventos técnico-científicos pelo programa de pós-graduação, participação de professores em eventos no país e no exterior, participação de estudantes em eventos no país e estudantes de doutorados em eventos no exterior, pagamento de diárias a professores, participação de estudantes e professores em trabalhos de campo e coleta de dados no país."
77,"Processo Seletivo
de Alunos",,IFES,Vitória,Espiríto Santo,Grande,Ensino,,Institucional,Não há WBS/EAP proposto para este projeto,jan/2015,,"Fortalecer a identidade institucional e a ação em Rede;
Fortalecer a acessibilidade, a transparência e a clareza das informações;
Ampliar e aperfeiçoar os canais e os processos de comunicação interna e com a sociedade;
Promover a uniformização e eficiência das atividades de trabalho.",,Sem acesso a informação.,Sem acesso a informação.,Sem acesso a informação.,Sem acesso a informação.,Sem acesso a informação.,Sem acesso a informação.,"E-mails institucional, webchat, documentos oficiais, reuniões presenciais e webconferências","Redmine, planilhas eletrônicas, arquivos compartilhados e reuniões",,"Regulamentação do processo seletivo de alunos do nível médio/ técnico, buscando redução dos custos, normatizações, maior clareza em todas as fases dos fluxos do processo seletivo; transparência para participação de novos colaboradores, clareza nas atribuições e responsabilidades dos participantes no processo; centralização dos documentos, conhecimento antecipado das gratificações a serem recebidas pelas atividades executadas."
78,"Centro de
Formação",,IFES,Vitória,Espiríto Santo,Médio,Ensino,,Institucional,Não há WBS/EAP proposto para este projeto,jan/2015,,"Promover capacitação e qualificação estratégicas continuadas de servidores;
Atrair e manter profissionais competentes;
Fortalecer a identidade institucional e a ação em Rede;
Promover a verticalização do ensino articulada com a vocação dos campi;
Difusão de conhecimento, cultura e esporte;
Formação de formadores.",,Sem acesso a informação.,Sem acesso a informação.,Sem acesso a informação.,Sem acesso a informação.,Sem acesso a informação.,Sem acesso a informação.,"E-mails institucional, webchat, documentos oficiais, reuniões presenciais e webconferências","Redmine, planilhas eletrônicas, arquivos compartilhados e reuniões",,"Implantação do Centro de Referência em Formação e em Educação a Distância que busca promover a integração sistêmica com os campi, para a consolidação das políticas institucionais de apoio à EaD e de formação inicial e continuada de professores e técnicos administrativos da educação, ofertar cursos nos diferentes níveis e modalidades, relacionados à formação inicial e continuada de professores e técnicos administrativos da educação.
"
79,"Política de
Capacitação",,IFES,Vitória,Espiríto Santo,Médio,Institucional,,Institucional,Não há WBS/EAP proposto para este projeto,jan/2015,,"Promover capacitação e qualificação estratégicas continuadas de servidores;
Atrair e manter profissionais competentes;
Promover a uniformização e eficiência das atividades de trabalho;
Formação de formadores.",,Sem acesso a informação.,Sem acesso a informação.,Sem acesso a informação.,Sem acesso a informação.,Sem acesso a informação.,Sem acesso a informação.,"E-mails institucional, webchat, documentos oficiais, reuniões presenciais e webconferências","Redmine, planilhas eletrônicas, arquivos compartilhados e reuniões",,"Garantia da oferta de um amplo e diversificado conjunto de ações formativas, em diferentes níveis de ensino e metodologias, com o fim de contribuir na integração, formação e desenvolvimento profissional dos servidores, de forma a valorizar o indivíduo e atender os objetivos estratégicos do IFES. A proposta é também oferecer mais transparência e isonomia nas ações de capacitação."
80,Aprimoramento do quadro de pessoal de TI,,IFG,Goiânia,Goiás,Médio,TIC,,,,jan/2016,fev/2019,,,Sem acesso a informação.,Sem acesso a informação.,Sem acesso a informação.,Sem acesso a informação.,Sem acesso a informação.,Sem acesso a informação.,"email, reuniões, documentos oficiais",panilha,,"os objetivos são :Realizar análise do quadro atual de profissionais de TI e propor estrutura mínima para o IFG; Atualizar o mapeamento de competências de 100% dos profissionais de TI do IFG, visando identificar oportunidades de capacitação e aproveitar o potencial da equipe nos projetos existentes"
81,Projeto de melhoria de infra. de rede IFG,,IFG,Goiânia,Goiás,Grande,TIC,,,,agos/2015,,,,Sem acesso a informação.,Sem acesso a informação.,Sem acesso a informação.,Sem acesso a informação.,Sem acesso a informação.,Sem acesso a informação.,"email, reuniões, documentos oficiais",panilha,,Objetivos: Estruturar 100% dos câmpus com a rede local de no mínimo 1 Gigabit de velocidade; Implantar VLANs em 100% das unidades do IFG (Câmpus e Reitoria);
82,Otimizar o uso dos recursos de TI,,IFG,Goiânia,Goiás,Grande,TIC,"-Realizar estudo sobre os benefícios e a viabilidade técnica/legal da utilização de cloud computing -Realizar a integração com os demais institutos federais visando a otimização de recursos através de pelo menos 5 processos compartilhados. -Otimização do conteúdo do datacenter -Regulamentar e implementar a criação de um núcleo de desenvolvimento para o levantamento e análise de requisitos, elaboração de projeto, desenvolvimento e implantação de softwares e soluções de TI. -Adotar solução para desenvolvimento e integração de sistemas, permitindo a padronização, o reuso e a melhoria da produtividade da equipe -Criar barramento de serviços (webservice) para prover integração de sistemas de maneira orquestrada",,,,,,,Sem acesso a informação.,Sem acesso a informação.,Sem acesso a informação.,Sem acesso a informação.,Sem acesso a informação.,Sem acesso a informação.,"email, reuniões, documentos oficiais",panilha,,"Foi implementada a solução desenvolvimento colaborativo, gerenciamento de projetos e scripts de integração de dados entre sistemas.;    Em andamento o desenvolvimento da solução Barramentos de Serviços do IFG. Previsão de entrada em produção em março/2019"
83,Sistema de Depreciação do Patrimônio,SDP,IFG,Goiânia,Goiás,Médio,TIC,,,,,,,,Sem acesso a informação.,Sem acesso a informação.,Sem acesso a informação.,Sem acesso a informação.,Sem acesso a informação.,Sem acesso a informação.,"email, reuniões, documentos oficiais",panilha,,Criado comissão e desenvolvido a funcionalidade de depreciação no sistema de patrimônio do IFG.
84,Módulo EAD do Q-Acadêmico,,IFG,Goiânia,Goiás,Pequeno,TIC,,,,,,,,Sem acesso a informação.,Sem acesso a informação.,Sem acesso a informação.,Sem acesso a informação.,Sem acesso a informação.,Sem acesso a informação.,"email, reuniões, documentos oficiais",panilha,,moodleadmin.ifg.edu.br
85,SUAP - Desenvolvimento e Implantação,,IFG,Goiânia,Goiás,Grande,TIC,atualização e correção de possíveis falhas na versão SUAP do IFG,,,,,,,8 Analistas de sistemas IFG,Sem acesso a informação.,Sem acesso a informação.,Sem acesso a informação.,Sem acesso a informação.,Sem acesso a informação.,"email, reuniões, documentos oficiais",Redmine,,Projeto Finalizado
86,Sistema SUGEP - Módulo Gestão de Eventos,,IFG,Goiânia,Goiás,Pequeno,TIC,,,,,,,,2 Analistas de TI,Sem acesso a informação.,Sem acesso a informação.,Sem acesso a informação.,Sem acesso a informação.,Sem acesso a informação.,"email, reuniões, documentos oficiais",Redmine,,Projeto Finalizado
87,Implantação Sistema Guia de Cursos,,IFG,Goiânia,Goiás,Pequeno,TIC,,,,,,,,2 Analistas de TI,Sem acesso a informação.,Sem acesso a informação.,Sem acesso a informação.,Sem acesso a informação.,Sem acesso a informação.,"email, reuniões, documentos oficiais",Redmine,,Projeto Finalizado
88,Sistema RSC,,IFG,Goiânia,Goiás,Pequeno,TIC,,,,,,,,3 Analistas de TI,Sem acesso a informação.,Sem acesso a informação.,Sem acesso a informação.,Sem acesso a informação.,Sem acesso a informação.,"email, reuniões, documentos oficiais",Redmine,,Projeto Finalizado
89,Geração de documentos acadêmico,,IFG,Goiânia,Goiás,Grande,TIC,,,,,,,,4 Analistas de TI,Sem acesso a informação.,Sem acesso a informação.,Sem acesso a informação.,Sem acesso a informação.,Sem acesso a informação.,"email, reuniões, documentos oficiais",Redmine,,A ser disponibilizado através do Q-Acadêmico. DAA/PROEN está homologando a solução. Previsão de março/2018
90,Implantar Gerenciamento de Serviço em todo IFB,,IFB,Brasília,DF,Grande,TIC,Planejamento Iniciação Execução Encerramento,Instituto Federal de Brasília,-,01/08/2014,--,"- Catálogo de serviços do NTIC e dos Campi;
- Política de funcionamento da coordenação de suporte, 
com os processos de trabalho da coordenação; 
- Politica de funcionamento da TI no campus;
- Politica de funcionamento da TI no campus;                                                                                                                                                                        Manual de orientação/conscienticação para os                                                                                                                                                                      usuários dos serviços de TIC do IFB.",63 tarefas ,"Gerente do Programa - Diretor, Gerente do projeto - técnico de TI, Membro da equipe - técnico de TI, Membro da Equipe técnico de TI, Membro da equipe- técnico de TI",Capital Humano,Todas as tarefas tem data de inicio e fim. Documento a parte.,"1 Atraso nas entregas do projeto;                                                                                                                                                                                                                                                                                                                                                                                                                              2 Afastamento de membro do projeto ;                                                                                                                                                                                                                                                                                                                                                                                                    
3 Alta direção considerar que o projeto
deixou de ser estratégico ; ","DTIC, Direção do Campus, IFB.",-,"E-mail institucional,  ponto de controle semanal, Redmine.",Redmine,,Os membros do projeto sairam da Instituição e devido a outras prioridades o projento não teve continuidade.
91,Plano de Capacitação,-,IFB,Brasília,DF,Pequeno,TIC,Planejamento Iniciação Execução Encerramento,"Todas as áreas e integrantes de TIC do IFB, campus e reitoria",-,31/01/2018,08/04/2019,Plano de Capacitação,20 tarefas,Anderson Costa - Diretor de TIC; Aline Dantas - Analista de TIC; Edimária Lamounier  -  Coordenadora Infraestrutura;  Ivone Perosa - Assistente em ADM;  João Bezerra - Coordenador de Desenvolvimento;   Rafaela Helena -  Técnica de TIC; Sonia Veras - recursos Humanos,O projeto de elaboração e acompanhamento do plano de capacitação para a área de TIC do IFB será realizado utilizando recursos próprios;,Todas as tarefas tem data de inicio e fim. Documento a parte.,Falta de Apoio da Alta Gestão; Falta de Interesse por parte da Equipe; Falta de Recurso Financeiro para Execução do Plano,Profissionais de TIC do IFB; Gestão de Pessoas.,-,"E-mail institucional,  ponto de controle semanal, Redmine.",Redmine,-,"O projeto está praticamente finalizado, porém não fizemos a entrega e nem fizemos o encerramento."
92,Adquirir solução de networking.,-,IFB,Brasília,DF,Médio,TIC,Iniciação; Planejamento da contratação; Seleção do Fornecedor,Instituto Federal de Brasília,-,14/11/2017,-,Contratação de solução de Networking,,"Autoridade Competente da Área Administrativa;Gestor do Contrato;
Fiscal Técnico do Contrato;
Fiscal Requisitante do Contrato;
Fiscal Administrativo do Contrato.","R$4.762.800,00",Todas as tarefas tem data de inicio e fim. Documento a parte.,"1) RISCOS DO PROJETO DE PLANEJAMENTO DA CONTRATAÇÃO
1.1) Atraso nas entregas do projeto;
1.2) Afastamento de membro do projeto.

2) RISCOS DO PROCESSO DE CONTRATAÇÃO
2.1) Não aprovação do Estudo Técnico ou do Termo de Referência;
2.2) Atraso no processo licitatório;
2.3) Contingenciamento de recursos orçamentários.

3) RISCOS DA SOLUÇÃO DE TECNOLOGIA DA INFORMAÇÃO
3.1) Ausência de continuidade/manutenibilidade da solução a médio prazo;
3.2) Incompatibilidade com o parque tecnológico existente; 
3.3) Falta de experiência na solução contratada.","DTIC, Direção do Campus, IFB.",-,"E-mail institucional,  ponto de controle semanal, Redmine.",Redmine,-,"O projeto está em andamento, porém está sendo analisado a viabilidade pois os custos estão bem acima do valor que o IFB tem disponível para adquirir uma solução."
93,Estabelecer Processo de Planejamento Estratégico de TIC,-,IFB,Brasília,DF,Pequeno,TIC,"Iniciação; Planejamento, Execução, Encerramento.",Instituto Federal de Brasília,-,28/04/2014,,,,,,,,,,,,,
94,Normalização da rede lógica dos campi do IFMT,-,IFMT,Toda a rede do IFMT,Mato Grosso,Grande,TIC,"1. Avaliação do cenário atual dos campi.
2. Criação do padrão normatizador
3. Esclarecimento de dúvidas
4. Definição de prazo para implantação
5. Deslocamento aos campi com dificuldades
e/ou sem equipe local para a tarefa",Estabelecer e implantar um padrão de rede lógica em todas as unidades do IFMT,,04/03/2019,19/04/2019,Redes institucionais configuradas e padronizadas,,Coordenação de Operações e Infraestrutura - Diretoria Sistêmica de Informações / Equipes locais de Tecnologia da Informação,,,,Servidores de TI,Não há,"Reunião de início do projeto e definição de prazos;
Comunicações via email, Whatsapp, telefone e acesso remoto para esclarecimento de dúvidas;",Redmine,Projeto em andamento. Se trata de pré-requisito para projetos posteriores.,
95,Configuração da VPN entre as unidades do IFMT,-,IFMT,Toda a rede do IFMT,Mato Grosso,Grande,TIC,"1. Ter atendido ao pré-requisito do projeto anterior;
2. Instalação e configuração dos firewalls homologados;
3. Configuração remota dos firewalls;
4 Testes de homologação da conexão;
5. Relatório de conclusão da unidade atendida.",Interconectar as unidades do IFMT de modo seguro e eficiente para o trânsito de dados sensíveis,,22/04/2019,28/06/2019,Rede de dados unificada entre a reitoria e as unidades do IFMT,,Coordenação de Operações e Infraestrutura - Diretoria Sistêmica de Informações / Equipes locais de Tecnologia da Informação,,,Não ter encerrado o projeto anterior,Servidores de TI do IFMT,Não há,"Reunião de início do projeto e definição de prazos;
Comunicações via email, Whatsapp, telefone e acesso remoto para esclarecimento de dúvidas;",Redmine,É fundamental que a unidade tenha concluído o projeto anterior para a que este tenha início.,
96,Homologação do sistema de ponto eletrônico do SUAP,-,IFMT,Toda a rede do IFMT,Mato Grosso,Grande,Institucional,"1. Reunião com a equipe desenvolvedora da solução e do negócio;
2. Alinhamento das expectativas
3. Criacão do ambiente de testes
4. Homologação dos resultados obtidos.",Identificar os recursos disponíveis na solução de ponto eletrônico do SUAP e alinhar com as necessidades do IFMT,,04/03/2019,24/06/2019,Solução de ponto eletrônico pronta para uso de acordo com o esperado pela equipe gestora de pessoas do IFMT,,"Coordenação de Sistemas e Negócio e Coordenação de Operações e Infraestrutura - Diretoria Sistêmica de Informações
Diretoria Sistêmica de Gestão de Pessoas
Equipes locais da Gestão de Pessoas e Tecnologia da Informação",,,Mudança de direcionamento por parte da gestão,"Diretora Sistêmica de Gestão de Pessoas
Servidores do IFMT",Não há,"Reunião sobre o andamento das etapas do projeto;
Envio ao negócio para validação das alterações",Redmine,,
97,Instalação dos terminais de ponto eletrônico nos campi / IFMT,,IFMT,Toda a rede do IFMT,Mato Grosso,Grande,TIC,"1. Envio aos campi dos equipamentos que compõem a solução;
2. Teste de conectividade;
3. Avaliação de integridade dos dados;",Instação dos terminais de ponto eletrônico e validação dos registros,,22/04/2019,24/06/2019,Terminal de ponto eletrônico funcionando e em ambiente de produção,,"""Coordenação de Sistemas e Negócio e Coordenação de Operações e Infraestrutura - Diretoria Sistêmica de Informações
Diretoria Sistêmica de Gestão de Pessoas
Equipes locais da Gestão de Pessoas e Tecnologia da Informação""",,,Atraso de campus no cumprimento dos critérios estabelecidos em projetos anteriores,"Diretora Sistêmica de Gestão de Pessoas
Servidores do IFMT",Não há,Email,Redmine,,
98,"Instalação elétrica quadra e campo - 
Campus Juína - IFMT",- ,IFMT,Juína,Mato Grosso,Pequeno,Infraestrutura,"1. Especificação técnica;
2. Estimativa de materiais e custo;
3. Elaboração do Termo de Referência;
4.  Processo licitatório;
5. Acompanhamento de execução;",,,2018,2º Semestre/2019,"Quadra poliesportiva e campo de futebol do campus com 
instalação elétrica funcionando de maneira adequada",,"Pró-Reitoria de Desenvolvimento Institucional
Pró-Reitoria de Administração e Planejamento
Diretoria local",,,,"Pró-Reitoria de Desenvolvimento Institucional
Pró-Reitoria de Administração e Planejamento
Diretoria local
Comunidade do campus",Não há,Email,Não há,,
99,"Passarela, calçadas e vivencia - 
Campus Campo Novo Parecis - IFMT",-,IFMT,Campo Novo do Parecis,Mato Grosso,Pequeno,Infraestrutura,"1. Especificação técnica;
2. Estimativa de materiais e custo;
3. Elaboração do Termo de Referência;
4.  Processo licitatório;
5. Acompanhamento de execução;",,,2018,2º Semestre/2019,Ambiente de convivência para a comunidade local,,"Pró-Reitoria de Desenvolvimento Institucional
Pró-Reitoria de Administração e Planejamento
Diretoria local",,,Disponibilidade orçamentária insuficiente,"Pró-Reitoria de Desenvolvimento Institucional
Pró-Reitoria de Administração e Planejamento
Diretoria local
Comunidade do campus",Não há,Email,Não há,,
100,Perfuração de poço artesiano -  Campus Campo Novo Parecis - IFMT,-,IFMT,Campo Novo do Parecis,Mato Grosso,Pequeno,Infraestrutura,"1. Especificação técnica;
2. Estimativa de materiais e custo;
3. Elaboração do Termo de Referência;
4.  Processo licitatório;
5. Acompanhamento de execução;",,,2018,1º Semestre/2019,Oferta de água com qualidade à comunidade local,,"Pró-Reitoria de Desenvolvimento Institucional
Pró-Reitoria de Administração e Planejamento
Diretoria local",,,Disponibilidade orçamentária insuficiente,"Pró-Reitoria de Desenvolvimento Institucional
Pró-Reitoria de Administração e Planejamento
Diretoria local
Comunidade do campus",Não há,Email,Não há,,
101,Perfuração de poço artesiano - Campus  Várzea Grande - IFMT,-,IFMT,Várzea Grande,Mato Grosso,Pequeno,Infraestrutura,"1. Especificação técnica;
2. Estimativa de materiais e custo;
3. Elaboração do Termo de Referência;
4.  Processo licitatório;
5. Acompanhamento de execução;",,,2018,1º Semestre/2019,Oferta de água com qualidade à comunidade local,,"Pró-Reitoria de Desenvolvimento Institucional
Pró-Reitoria de Administração e Planejamento
Diretoria local",,,Disponibilidade orçamentária insuficiente,"Pró-Reitoria de Desenvolvimento Institucional
Pró-Reitoria de Administração e Planejamento
Diretoria local
Comunidade do campus",Não há,Email,Não há,,
102,"Área de convivência - 
Campus Alta Floresta - IFMT",-,IFMT,Alta Floresta,Mato Grosso,Pequeno,Infraestrutura,"1. Especificação técnica;
2. Estimativa de materiais e custo;
3. Elaboração do Termo de Referência;
4.  Processo licitatório;
5. Acompanhamento de execução;",,,2018,1º Semestre/2019,Ambiente de convivência para a comunidade acadêmica,,"Pró-Reitoria de Desenvolvimento Institucional
Pró-Reitoria de Administração e Planejamento
Diretoria local",,,Disponibilidade orçamentária insuficiente,"Pró-Reitoria de Desenvolvimento Institucional
Pró-Reitoria de Administração e Planejamento
Diretoria local
Comunidade do campus",Não há,Email,Não há,,
103,"Construção de 4 salas 
de aula  - Campus Tangará da Serra - IFMT",-,IFMT,Tangará da Serra,Mato Grosso,Pequeno,Infraestrutura,"1. Especificação técnica;
2. Estimativa de materiais e custo;
3. Elaboração do Termo de Referência;
4.  Processo licitatório;
5. Acompanhamento de execução;",,,2018,2º Semestre/2019,Salas de aulas para acomodar adequadamente alunos e professores,,"Pró-Reitoria de Desenvolvimento Institucional
Pró-Reitoria de Administração e Planejamento
Diretoria local",,,Disponibilidade orçamentária insuficiente,"Pró-Reitoria de Desenvolvimento Institucional
Pró-Reitoria de Administração e Planejamento
Diretoria local
Comunidade do campus",Não há,Email,Não há,,
104,"Construção de quadra coberta 
- Campus Diamantino - IFMT",-,IFMT,Diamantino,Mato Grosso,Pequeno,Infraestrutura,"1. Especificação técnica;
2. Estimativa de materiais e custo;
3. Elaboração do Termo de Referência;
4.  Processo licitatório;
5. Acompanhamento de execução;",,,2018,1º Semestre/2020,Quadra poliespostiva coberta para atividades acadêmicas,,"Pró-Reitoria de Desenvolvimento Institucional
Pró-Reitoria de Administração e Planejamento
Diretoria local",,,Disponibilidade orçamentária insuficiente,"Pró-Reitoria de Desenvolvimento Institucional
Pró-Reitoria de Administração e Planejamento
Diretoria local
Comunidade do campus",Não há,Email,Não há,,
105,Construção de quadra coberta - Campus Confresa - IFMT,-,IFMT,Confresa,Mato Grosso,Pequeno,Infraestrutura,"1. Especificação técnica;
2. Estimativa de materiais e custo;
3. Elaboração do Termo de Referência;
4.  Processo licitatório;
5. Acompanhamento de execução;",,,2018,2º Semestre/2019,Quadra poliespostiva coberta para atividades acadêmicas,,"Pró-Reitoria de Desenvolvimento Institucional
Pró-Reitoria de Administração e Planejamento
Diretoria local",,,Disponibilidade orçamentária insuficiente,"Pró-Reitoria de Desenvolvimento Institucional
Pró-Reitoria de Administração e Planejamento
Diretoria local
Comunidade do campus",Não há,Email,Não há,,
106,Fundação sala modulares - Campus Alta Floresta - IFMT,-,IFMT,Alta Floresta,Mato Grosso,Pequeno,Infraestrutura,"1. Especificação técnica;
2. Estimativa de materiais e custo;
3. Elaboração do Termo de Referência;
4.  Processo licitatório;
5. Acompanhamento de execução;",,,2018,1º Semestre/2019,Base para instalação de salas de aula modulares ( containers),,"Pró-Reitoria de Desenvolvimento Institucional
Pró-Reitoria de Administração e Planejamento
Diretoria local",,,Disponibilidade orçamentária insuficiente,"Pró-Reitoria de Desenvolvimento Institucional
Pró-Reitoria de Administração e Planejamento
Diretoria local
Comunidade do campus",Não há,Email,Não há,,
107,Projeto da instalação elétrica do Laboratório de química e física no Campus de Primavera do Leste,-,IFMT,Primavera do Leste,Mato Grosso,Pequeno,Infraestrutura,"1. Especificação técnica;
2. Estimativa de materiais e custo;
3. Elaboração do Termo de Referência;
4.  Processo licitatório;
5. Acompanhamento de execução;",,,2018,,Instalação elétrica no laboratório de química e física,,"Pró-Reitoria de Desenvolvimento Institucional
Pró-Reitoria de Administração e Planejamento
Diretoria local",,,Disponibilidade orçamentária insuficiente,"Pró-Reitoria de Desenvolvimento Institucional
Pró-Reitoria de Administração e Planejamento
Diretoria local
Comunidade do campus",Não há,Email,Não há,,
108,Projeto elétrico/luminotécnico do campo de futebol do Campus de Alta Floresta,-,IFMT,Alta Floresta,Mato Grosso,Pequeno,Infraestrutura,"1. Especificação técnica;
2. Estimativa de materiais e custo;
3. Elaboração do Termo de Referência;
4.  Processo licitatório;
5. Acompanhamento de execução;",,,2018,,Instalação elétrica e luminosa do campo de futebol,,"Pró-Reitoria de Desenvolvimento Institucional
Pró-Reitoria de Administração e Planejamento
Diretoria local",,,Disponibilidade orçamentária insuficiente,"Pró-Reitoria de Desenvolvimento Institucional
Pró-Reitoria de Administração e Planejamento
Diretoria local
Comunidade do campus",Não há,Email,Não há,,
109,Projeto elétrico/ luminotécnico do campo de futebol do Campus de Sorriso,-,IFMT,Sorriso,Mato Grosso,Pequeno,Infraestrutura,"1. Especificação técnica;
2. Estimativa de materiais e custo;
3. Elaboração do Termo de Referência;
4.  Processo licitatório;
5. Acompanhamento de execução;",,,2018,,Instalação elétrica e luminosa do campo de futebol,,"Pró-Reitoria de Desenvolvimento Institucional
Pró-Reitoria de Administração e Planejamento
Diretoria local",,,Disponibilidade orçamentária insuficiente,"Pró-Reitoria de Desenvolvimento Institucional
Pró-Reitoria de Administração e Planejamento
Diretoria local
Comunidade do campus",Não há,Email,Não há,,
110,Adequação dos projetos elétrico e do sistema de proteção contra descarga atmosférica das quadras poliesportiva do Campus de Confresa e Campus avançado de Diamantino,-,IFMT,Diamantino,Mato Grosso,Médio,Infraestrutura,"1. Especificação técnica;
2. Estimativa de materiais e custo;
3. Elaboração do Termo de Referência;
4.  Processo licitatório;
5. Acompanhamento de execução;",,,2018,,Proteção contra descarga atmosférica nos campi mencionados,,"Pró-Reitoria de Desenvolvimento Institucional
Pró-Reitoria de Administração e Planejamento
Diretoria local",,,Disponibilidade orçamentária insuficiente,"Pró-Reitoria de Desenvolvimento Institucional
Pró-Reitoria de Administração e Planejamento
Diretoria local
Comunidade do campus",Não há,Email,Não há,,
111,Projeto elétrico da adequação do laboratório de Química e Biologia no Campus de Alta Floresta,-,IFMT,Alta Floresta,Mato Grosso,Pequeno,Infraestrutura,"1. Especificação técnica;
2. Estimativa de materiais e custo;
3. Elaboração do Termo de Referência;
4.  Processo licitatório;
5. Acompanhamento de execução;",,,2018,,Instalação elétrica no laboratório de química e biologia,,"Pró-Reitoria de Desenvolvimento Institucional
Pró-Reitoria de Administração e Planejamento
Diretoria local",,,Disponibilidade orçamentária insuficiente,"Pró-Reitoria de Desenvolvimento Institucional
Pró-Reitoria de Administração e Planejamento
Diretoria local
Comunidade do campus",Não há,Email,Não há,,
112,Projeto elétrico do Anexo II da Reitoria,-,IFMT,Reitoria,Mato Grosso,Pequeno,Infraestrutura,"1. Especificação técnica;
2. Estimativa de materiais e custo;
3. Elaboração do Termo de Referência;
4.  Processo licitatório;
5. Acompanhamento de execução;",,,2018,,Instalação elétrica no novo espaço da reitoria,,"Pró-Reitoria de Desenvolvimento Institucional
Pró-Reitoria de Administração e Planejamento
Diretoria local",,,Disponibilidade orçamentária insuficiente,"Pró-Reitoria de Desenvolvimento Institucional
Pró-Reitoria de Administração e Planejamento
Diretoria local
Comunidade do campus",Não há,Email,Não há,,
113,Projeto elétrico/luminotécnico da quadra de areia do Campus Avançado Tangará da Serra,-,IFMT,Tangará da Serra,Mato Grosso,Pequeno,Infraestrutura,"1. Especificação técnica;
2. Estimativa de materiais e custo;
3. Elaboração do Termo de Referência;
4.  Processo licitatório;
5. Acompanhamento de execução;",,,2018,,Instalação elétrica e luminosa do campo de futebol de areia,,"Pró-Reitoria de Desenvolvimento Institucional
Pró-Reitoria de Administração e Planejamento
Diretoria local",,,Disponibilidade orçamentária insuficiente,"Pró-Reitoria de Desenvolvimento Institucional
Pró-Reitoria de Administração e Planejamento
Diretoria local
Comunidade do campus",Não há,Email,Não há,,
114,Projeto elétrico/luminotécnico do Campo de Futebol e Deposito do Campus Avançado de Tangará da Serra,-,IFMT,Tangará da Serra,Mato Grosso,Pequeno,Infraestrutura,"1. Especificação técnica;
2. Estimativa de materiais e custo;
3. Elaboração do Termo de Referência;
4.  Processo licitatório;
5. Acompanhamento de execução;",,,2018,,Instalação elétrica e luminosa do campo de futebol e do depósito,,"Pró-Reitoria de Desenvolvimento Institucional
Pró-Reitoria de Administração e Planejamento
Diretoria local",,,Disponibilidade orçamentária insuficiente,"Pró-Reitoria de Desenvolvimento Institucional
Pró-Reitoria de Administração e Planejamento
Diretoria local
Comunidade do campus",Não há,Email,Não há,,
115,Projeto elétrico da reforma do prédio do Campus Avançado de Tangará,-,IFMT,Tangará da Serra,Mato Grosso,Pequeno,Infraestrutura,"1. Especificação técnica;
2. Estimativa de materiais e custo;
3. Elaboração do Termo de Referência;
4.  Processo licitatório;
5. Acompanhamento de execução;",,,2018,,Instalação elétrica do espaço reformado do campus,,"Pró-Reitoria de Desenvolvimento Institucional
Pró-Reitoria de Administração e Planejamento
Diretoria local",,,Disponibilidade orçamentária insuficiente,"Pró-Reitoria de Desenvolvimento Institucional
Pró-Reitoria de Administração e Planejamento
Diretoria local
Comunidade do campus",Não há,Email,Não há,,
116,Projeto da instalação elétrica da rede de distribuição do Grupo Gerador no Campus de São Vicente,-,IFMT,São Vicente,Mato Grosso,Médio,Infraestrutura,"1. Especificação técnica;
2. Estimativa de materiais e custo;
3. Elaboração do Termo de Referência;
4.  Processo licitatório;
5. Acompanhamento de execução;",,,2018,,Grupo gerador instalado e funcionando no campus,,"Pró-Reitoria de Desenvolvimento Institucional
Pró-Reitoria de Administração e Planejamento
Diretoria local",,,Disponibilidade orçamentária insuficiente,"Pró-Reitoria de Desenvolvimento Institucional
Pró-Reitoria de Administração e Planejamento
Diretoria local
Comunidade do campus",Não há,Email,Não há,,
117,Projeto elétrico do quiosque do Campus de Alta Floresta,-,IFMT,Alta Floresta,Mato Grosso,Pequeno,Infraestrutura,"1. Especificação técnica;
2. Estimativa de materiais e custo;
3. Elaboração do Termo de Referência;
4.  Processo licitatório;
5. Acompanhamento de execução;",,,2018,,Energia elétrica nos quiosques do campus,,"Pró-Reitoria de Desenvolvimento Institucional
Pró-Reitoria de Administração e Planejamento
Diretoria local",,,Disponibilidade orçamentária insuficiente,"Pró-Reitoria de Desenvolvimento Institucional
Pró-Reitoria de Administração e Planejamento
Diretoria local
Comunidade do campus",Não há,Email,Não há,,
118,Projeto Guarita Primavera do Leste,-,IFMT,Primavera do Leste,Mato Grosso,Pequeno,Infraestrutura,"1. Especificação técnica;
2. Estimativa de materiais e custo;
3. Elaboração do Termo de Referência;
4.  Processo licitatório;
5. Acompanhamento de execução;",,,2018,,Guarita construída no campus,,"Pró-Reitoria de Desenvolvimento Institucional
Pró-Reitoria de Administração e Planejamento
Diretoria local",,,Disponibilidade orçamentária insuficiente,"Pró-Reitoria de Desenvolvimento Institucional
Pró-Reitoria de Administração e Planejamento
Diretoria local
Comunidade do campus",Não há,Email,Não há,,
119,Adaptação Ginásio Poli esportivo modelo IFR para Primavera do Leste,-,IFMT,Primavera do Leste,Mato Grosso,Pequeno,Infraestrutura,"1. Especificação técnica;
2. Estimativa de materiais e custo;
3. Elaboração do Termo de Referência;
4.  Processo licitatório;
5. Acompanhamento de execução;",,,2018,,Adequação executada e construída,,"Pró-Reitoria de Desenvolvimento Institucional
Pró-Reitoria de Administração e Planejamento
Diretoria local",,,Disponibilidade orçamentária insuficiente,"Pró-Reitoria de Desenvolvimento Institucional
Pró-Reitoria de Administração e Planejamento
Diretoria local
Comunidade do campus",Não há,Email,Não há,,
120,Projeto Passarela Lucas do Rio Verde,-,IFMT,Lucas do Rio Verde,Mato Grosso,Pequeno,Infraestrutura,"1. Especificação técnica;
2. Estimativa de materiais e custo;
3. Elaboração do Termo de Referência;
4.  Processo licitatório;
5. Acompanhamento de execução;",,,2018,,Passarela construída,,"Pró-Reitoria de Desenvolvimento Institucional
Pró-Reitoria de Administração e Planejamento
Diretoria local",,,Disponibilidade orçamentária insuficiente,"Pró-Reitoria de Desenvolvimento Institucional
Pró-Reitoria de Administração e Planejamento
Diretoria local
Comunidade do campus",Não há,Email,Não há,,
121,"Projeto arquitetônico anexo 2, 7ª e 8ª versão",-,IFMT,Reitoria,Mato Grosso,Pequeno,Infraestrutura,"1. Especificação técnica;
2. Estimativa de materiais e custo;
3. Elaboração do Termo de Referência;
4.  Processo licitatório;
5. Acompanhamento de execução;",,,2018,,Planta arquitetônica e de ocupação construídos,,"Pró-Reitoria de Desenvolvimento Institucional
Pró-Reitoria de Administração e Planejamento
Diretoria local",,,Disponibilidade orçamentária insuficiente,"Pró-Reitoria de Desenvolvimento Institucional
Pró-Reitoria de Administração e Planejamento
Diretoria local
Comunidade do campus",Não há,Email,Não há,,
122,Contratação de solução de Edição de Imagem para EAD,-,IFB,Brasília,DF,Pequeno,Comunicação,1. Iniciação; 2. Planejamento; 3. Seleção do Fornecedor,Solução de Edição de imagem para EAD do IFB,-,01/11/2017,24/08/2019,Solução de edição de Imagem,46 tarefas,"Integrante Técnico; 
Integrante Administrativo; 
Integrante do Requisitante",Informação não disponível.,Não foi estipulado para as próximas fases.,Disponibilidade orçamentária insuficiente,PRAD; EAD; DTIC,Não há,"E-mail corporativo; Redmine; Templates, Reuniões.",Redmine,-,"O projeto está em andamento, porém está sendo analisado a viabilidade pois os custos estão bem acima do valor que o IFB tem disponível para adquirir uma solução."
123,SUAP – Módulo de controle de veículos,-,IFB,Brasília,DF,Médio,Institucional,1.Planejamento; 2. Execução; 3. Implatação,"O escopo do projeto é a implantação do módulo de Frotas do SUAP. O registro de dados de viagens, de manutenção de veículos, combustível, relatórios de acompanhamento. Não está envolvido o uso do aplicativo.",,18/01/2018,30/04/2019,Módulo Implantado,29 tarefas,Gerente do Projeto; 2 desenvolvedores.,Informação não disponível.,Houve alteração,Capital Humano,PRAD;  DTIC,Não há,E-mail corporativo; Redmine; Reuniões.,Redmine,-,As sprints estão sendo executadas.
124,DEFINIÇÃO DE INDICADORES E CRIAÇÃO DE GRÁFICOS DE ACOMPANHAMENTO,-,IFB,Brasília,DF,Pequeno,TIC,1. Iniciação; 2. Planejamento; 3. Execução; 4. Encerramento,Todos os indicadores e a utilização da ferramenta de apresentação do dashboard será restrito à DTIC.,,26/11/2016,Houve alterações,"Indicadores para as áreas de Desenvolvimento de Sistemas, Infraestrutura, Suporte ao Usuário, governança. Ferramenta para apresentação de Dashboard e manipulação de dados.",21 tarefas,Gerente do Projeto; 2 coordenadores,Capital Humano,Houve alteração,-,DTIC,Não há,E-mail corporativo; Redmine; Reuniões.,Redmine,-,O projeto ainda está em andamento e alguns produtos já foram entregues.
125,LabKids,-,IFB,Brasília,DF,Pequeno,TIC,1. Iniciação; 2. Planejamento; 3. Execução; 4. Encerramento,Oferecer educação tecnológica gratuita para crianças de 8 a 12 anos no Campus Taguatinga.,-,2017,Houve alterações,"Oficinas de temas variados do campo da tecnologia, como Robótica, Impressão 3D e Pensamento Computacional.",-,"Alunos e professores do curso de Licenciatura em Computação, com apoio de estudantes do curso de Licenciatura em Física.",Informação não disponível.,Houve alteração,,"Alunos, professores, diretorias do campus.",Não há,Portal do IFB,-,-,O projeto ainda está em andamento.
